125,-92,lkYznqWJMCqB3OEeOlTcHBK8JXQ=,h4iioTODf9mjeEmgeslIDkP9uBQ=
123,-91,lkYznqWJMCqB3OEeOlTcHBK8JXQ=,h4iioTODf9mjeEmgeslIDkP9uBQ=
122,-95,lkYznqWJMCqB3OEeOlTcHBK8JXQ=,h4iioTODf9mjeEmgeslIDkP9uBQ=
123,-95,lkYznqWJMCqB3OEeOlTcHBK8JXQ=,h4iioTODf9mjeEmgeslIDkP9uBQ=
124,-95,lkYznqWJMCqB3OEeOlTcHBK8JXQ=,h4iioTODf9mjeEmgeslIDkP9uBQ=
120,-96,lkYznqWJMCqB3OEeOlTcHBK8JXQ=,h4iioTODf9mjeEmgeslIDkP9uBQ=
124,-91,lkYznqWJMCqB3OEeOlTcHBK8JXQ=,h4iioTODf9mjeEmgeslIDkP9uBQ=
122,-96,lkYznqWJMCqB3OEeOlTcHBK8JXQ=,h4iioTODf9mjeEmgeslIDkP9uBQ=
124,-96,lkYznqWJMCqB3OEeOlTcHBK8JXQ=,h4iioTODf9mjeEmgeslIDkP9uBQ=
125,-96,lkYznqWJMCqB3OEeOlTcHBK8JXQ=,h4iioTODf9mjeEmgeslIDkP9uBQ=
126,-96,lkYznqWJMCqB3OEeOlTcHBK8JXQ=,h4iioTODf9mjeEmgeslIDkP9uBQ=
127,-96,lkYznqWJMCqB3OEeOlTcHBK8JXQ=,h4iioTODf9mjeEmgeslIDkP9uBQ=
120,-95,lkYznqWJMCqB3OEeOlTcHBK8JXQ=,h4iioTODf9mjeEmgeslIDkP9uBQ=
121,-95,lkYznqWJMCqB3OEeOlTcHBK8JXQ=,h4iioTODf9mjeEmgeslIDkP9uBQ=
123,-96,lkYznqWJMCqB3OEeOlTcHBK8JXQ=,h4iioTODf9mjeEmgeslIDkP9uBQ=
127,-95,lkYznqWJMCqB3OEeOlTcHBK8JXQ=,h4iioTODf9mjeEmgeslIDkP9uBQ=
125,-93,lkYznqWJMCqB3OEeOlTcHBK8JXQ=,h4iioTODf9mjeEmgeslIDkP9uBQ=
126,-93,lkYznqWJMCqB3OEeOlTcHBK8JXQ=,h4iioTODf9mjeEmgeslIDkP9uBQ=
125,-91,lkYznqWJMCqB3OEeOlTcHBK8JXQ=,h4iioTODf9mjeEmgeslIDkP9uBQ=
126,-91,lkYznqWJMCqB3OEeOlTcHBK8JXQ=,h4iioTODf9mjeEmgeslIDkP9uBQ=
120,-94,lkYznqWJMCqB3OEeOlTcHBK8JXQ=,h4iioTODf9mjeEmgeslIDkP9uBQ=
127,-91,lkYznqWJMCqB3OEeOlTcHBK8JXQ=,h4iioTODf9mjeEmgeslIDkP9uBQ=
120,-90,lkYznqWJMCqB3OEeOlTcHBK8JXQ=,h4iioTODf9mjeEmgeslIDkP9uBQ=
121,-90,lkYznqWJMCqB3OEeOlTcHBK8JXQ=,h4iioTODf9mjeEmgeslIDkP9uBQ=
122,-90,lkYznqWJMCqB3OEeOlTcHBK8JXQ=,h4iioTODf9mjeEmgeslIDkP9uBQ=
123,-90,lkYznqWJMCqB3OEeOlTcHBK8JXQ=,h4iioTODf9mjeEmgeslIDkP9uBQ=
120,-93,lkYznqWJMCqB3OEeOlTcHBK8JXQ=,h4iioTODf9mjeEmgeslIDkP9uBQ=
124,-90,lkYznqWJMCqB3OEeOlTcHBK8JXQ=,h4iioTODf9mjeEmgeslIDkP9uBQ=
121,-94,lkYznqWJMCqB3OEeOlTcHBK8JXQ=,h4iioTODf9mjeEmgeslIDkP9uBQ=
127,-93,lkYznqWJMCqB3OEeOlTcHBK8JXQ=,h4iioTODf9mjeEmgeslIDkP9uBQ=
125,-90,lkYznqWJMCqB3OEeOlTcHBK8JXQ=,h4iioTODf9mjeEmgeslIDkP9uBQ=
126,-90,lkYznqWJMCqB3OEeOlTcHBK8JXQ=,h4iioTODf9mjeEmgeslIDkP9uBQ=
127,-90,lkYznqWJMCqB3OEeOlTcHBK8JXQ=,h4iioTODf9mjeEmgeslIDkP9uBQ=
122,-94,lkYznqWJMCqB3OEeOlTcHBK8JXQ=,h4iioTODf9mjeEmgeslIDkP9uBQ=
120,-89,lkYznqWJMCqB3OEeOlTcHBK8JXQ=,h4iioTODf9mjeEmgeslIDkP9uBQ=
121,-89,lkYznqWJMCqB3OEeOlTcHBK8JXQ=,h4iioTODf9mjeEmgeslIDkP9uBQ=
121,-93,lkYznqWJMCqB3OEeOlTcHBK8JXQ=,h4iioTODf9mjeEmgeslIDkP9uBQ=
120,-92,lkYznqWJMCqB3OEeOlTcHBK8JXQ=,h4iioTODf9mjeEmgeslIDkP9uBQ=
122,-89,lkYznqWJMCqB3OEeOlTcHBK8JXQ=,h4iioTODf9mjeEmgeslIDkP9uBQ=
121,-92,lkYznqWJMCqB3OEeOlTcHBK8JXQ=,h4iioTODf9mjeEmgeslIDkP9uBQ=
126,-92,lkYznqWJMCqB3OEeOlTcHBK8JXQ=,h4iioTODf9mjeEmgeslIDkP9uBQ=
127,-92,lkYznqWJMCqB3OEeOlTcHBK8JXQ=,h4iioTODf9mjeEmgeslIDkP9uBQ=
123,-94,lkYznqWJMCqB3OEeOlTcHBK8JXQ=,h4iioTODf9mjeEmgeslIDkP9uBQ=
123,-89,lkYznqWJMCqB3OEeOlTcHBK8JXQ=,h4iioTODf9mjeEmgeslIDkP9uBQ=
122,-93,lkYznqWJMCqB3OEeOlTcHBK8JXQ=,h4iioTODf9mjeEmgeslIDkP9uBQ=
122,-92,lkYznqWJMCqB3OEeOlTcHBK8JXQ=,h4iioTODf9mjeEmgeslIDkP9uBQ=
127,-94,lkYznqWJMCqB3OEeOlTcHBK8JXQ=,h4iioTODf9mjeEmgeslIDkP9uBQ=
124,-89,lkYznqWJMCqB3OEeOlTcHBK8JXQ=,h4iioTODf9mjeEmgeslIDkP9uBQ=
125,-89,lkYznqWJMCqB3OEeOlTcHBK8JXQ=,h4iioTODf9mjeEmgeslIDkP9uBQ=
126,-89,lkYznqWJMCqB3OEeOlTcHBK8JXQ=,h4iioTODf9mjeEmgeslIDkP9uBQ=
127,-89,lkYznqWJMCqB3OEeOlTcHBK8JXQ=,h4iioTODf9mjeEmgeslIDkP9uBQ=
120,-91,lkYznqWJMCqB3OEeOlTcHBK8JXQ=,h4iioTODf9mjeEmgeslIDkP9uBQ=
121,-91,lkYznqWJMCqB3OEeOlTcHBK8JXQ=,h4iioTODf9mjeEmgeslIDkP9uBQ=
124,-94,lkYznqWJMCqB3OEeOlTcHBK8JXQ=,h4iioTODf9mjeEmgeslIDkP9uBQ=
123,-93,lkYznqWJMCqB3OEeOlTcHBK8JXQ=,h4iioTODf9mjeEmgeslIDkP9uBQ=
126,-95,lkYznqWJMCqB3OEeOlTcHBK8JXQ=,h4iioTODf9mjeEmgeslIDkP9uBQ=
121,-96,lkYznqWJMCqB3OEeOlTcHBK8JXQ=,h4iioTODf9mjeEmgeslIDkP9uBQ=
124,-92,lkYznqWJMCqB3OEeOlTcHBK8JXQ=,h4iioTODf9mjeEmgeslIDkP9uBQ=
124,-93,lkYznqWJMCqB3OEeOlTcHBK8JXQ=,h4iioTODf9mjeEmgeslIDkP9uBQ=
125,-94,lkYznqWJMCqB3OEeOlTcHBK8JXQ=,h4iioTODf9mjeEmgeslIDkP9uBQ=
122,-91,lkYznqWJMCqB3OEeOlTcHBK8JXQ=,h4iioTODf9mjeEmgeslIDkP9uBQ=
123,-92,lkYznqWJMCqB3OEeOlTcHBK8JXQ=,h4iioTODf9mjeEmgeslIDkP9uBQ=
125,-95,lkYznqWJMCqB3OEeOlTcHBK8JXQ=,h4iioTODf9mjeEmgeslIDkP9uBQ=
126,-94,lkYznqWJMCqB3OEeOlTcHBK8JXQ=,h4iioTODf9mjeEmgeslIDkP9uBQ=
