106,26,KwtHnK26jhOTpRlEaDpjG0Nodck=,f1IXMQK3XV5uxKvsBDwyVt73mfE=
107,24,KwtHnK26jhOTpRlEaDpjG0Nodck=,f1IXMQK3XV5uxKvsBDwyVt73mfE=
105,26,KwtHnK26jhOTpRlEaDpjG0Nodck=,f1IXMQK3XV5uxKvsBDwyVt73mfE=
104,26,KwtHnK26jhOTpRlEaDpjG0Nodck=,f1IXMQK3XV5uxKvsBDwyVt73mfE=
106,24,KwtHnK26jhOTpRlEaDpjG0Nodck=,f1IXMQK3XV5uxKvsBDwyVt73mfE=
107,25,KwtHnK26jhOTpRlEaDpjG0Nodck=,f1IXMQK3XV5uxKvsBDwyVt73mfE=
105,24,KwtHnK26jhOTpRlEaDpjG0Nodck=,f1IXMQK3XV5uxKvsBDwyVt73mfE=
105,25,KwtHnK26jhOTpRlEaDpjG0Nodck=,f1IXMQK3XV5uxKvsBDwyVt73mfE=
107,26,KwtHnK26jhOTpRlEaDpjG0Nodck=,f1IXMQK3XV5uxKvsBDwyVt73mfE=
104,24,KwtHnK26jhOTpRlEaDpjG0Nodck=,f1IXMQK3XV5uxKvsBDwyVt73mfE=
106,25,KwtHnK26jhOTpRlEaDpjG0Nodck=,f1IXMQK3XV5uxKvsBDwyVt73mfE=
104,25,KwtHnK26jhOTpRlEaDpjG0Nodck=,f1IXMQK3XV5uxKvsBDwyVt73mfE=
104,27,KwtHnK26jhOTpRlEaDpjG0Nodck=,f1IXMQK3XV5uxKvsBDwyVt73mfE=
106,29,KwtHnK26jhOTpRlEaDpjG0Nodck=,f1IXMQK3XV5uxKvsBDwyVt73mfE=
104,28,KwtHnK26jhOTpRlEaDpjG0Nodck=,f1IXMQK3XV5uxKvsBDwyVt73mfE=
107,29,KwtHnK26jhOTpRlEaDpjG0Nodck=,f1IXMQK3XV5uxKvsBDwyVt73mfE=
105,30,KwtHnK26jhOTpRlEaDpjG0Nodck=,f1IXMQK3XV5uxKvsBDwyVt73mfE=
105,29,KwtHnK26jhOTpRlEaDpjG0Nodck=,f1IXMQK3XV5uxKvsBDwyVt73mfE=
106,30,KwtHnK26jhOTpRlEaDpjG0Nodck=,f1IXMQK3XV5uxKvsBDwyVt73mfE=
107,31,KwtHnK26jhOTpRlEaDpjG0Nodck=,f1IXMQK3XV5uxKvsBDwyVt73mfE=
107,30,KwtHnK26jhOTpRlEaDpjG0Nodck=,f1IXMQK3XV5uxKvsBDwyVt73mfE=
106,31,KwtHnK26jhOTpRlEaDpjG0Nodck=,f1IXMQK3XV5uxKvsBDwyVt73mfE=
107,28,KwtHnK26jhOTpRlEaDpjG0Nodck=,f1IXMQK3XV5uxKvsBDwyVt73mfE=
104,31,KwtHnK26jhOTpRlEaDpjG0Nodck=,f1IXMQK3XV5uxKvsBDwyVt73mfE=
105,31,KwtHnK26jhOTpRlEaDpjG0Nodck=,f1IXMQK3XV5uxKvsBDwyVt73mfE=
105,27,KwtHnK26jhOTpRlEaDpjG0Nodck=,f1IXMQK3XV5uxKvsBDwyVt73mfE=
104,30,KwtHnK26jhOTpRlEaDpjG0Nodck=,f1IXMQK3XV5uxKvsBDwyVt73mfE=
104,29,KwtHnK26jhOTpRlEaDpjG0Nodck=,f1IXMQK3XV5uxKvsBDwyVt73mfE=
106,27,KwtHnK26jhOTpRlEaDpjG0Nodck=,f1IXMQK3XV5uxKvsBDwyVt73mfE=
107,27,KwtHnK26jhOTpRlEaDpjG0Nodck=,f1IXMQK3XV5uxKvsBDwyVt73mfE=
106,28,KwtHnK26jhOTpRlEaDpjG0Nodck=,f1IXMQK3XV5uxKvsBDwyVt73mfE=
105,28,KwtHnK26jhOTpRlEaDpjG0Nodck=,f1IXMQK3XV5uxKvsBDwyVt73mfE=
