-86,22,MhPYhwLk1EP0RE7CvqZ9qGE+NzA=,ukLrqmzPzhY0CnJYd6pYHl/uLhw=
-87,22,MhPYhwLk1EP0RE7CvqZ9qGE+NzA=,ukLrqmzPzhY0CnJYd6pYHl/uLhw=
-86,21,MhPYhwLk1EP0RE7CvqZ9qGE+NzA=,ukLrqmzPzhY0CnJYd6pYHl/uLhw=
-87,21,MhPYhwLk1EP0RE7CvqZ9qGE+NzA=,ukLrqmzPzhY0CnJYd6pYHl/uLhw=
-90,18,MhPYhwLk1EP0RE7CvqZ9qGE+NzA=,ukLrqmzPzhY0CnJYd6pYHl/uLhw=
-91,18,MhPYhwLk1EP0RE7CvqZ9qGE+NzA=,ukLrqmzPzhY0CnJYd6pYHl/uLhw=
-90,17,MhPYhwLk1EP0RE7CvqZ9qGE+NzA=,ukLrqmzPzhY0CnJYd6pYHl/uLhw=
-91,17,MhPYhwLk1EP0RE7CvqZ9qGE+NzA=,ukLrqmzPzhY0CnJYd6pYHl/uLhw=
-92,18,MhPYhwLk1EP0RE7CvqZ9qGE+NzA=,ukLrqmzPzhY0CnJYd6pYHl/uLhw=
-95,18,MhPYhwLk1EP0RE7CvqZ9qGE+NzA=,ukLrqmzPzhY0CnJYd6pYHl/uLhw=
-93,17,MhPYhwLk1EP0RE7CvqZ9qGE+NzA=,ukLrqmzPzhY0CnJYd6pYHl/uLhw=
-92,17,MhPYhwLk1EP0RE7CvqZ9qGE+NzA=,ukLrqmzPzhY0CnJYd6pYHl/uLhw=
-94,17,MhPYhwLk1EP0RE7CvqZ9qGE+NzA=,ukLrqmzPzhY0CnJYd6pYHl/uLhw=
-88,22,MhPYhwLk1EP0RE7CvqZ9qGE+NzA=,ukLrqmzPzhY0CnJYd6pYHl/uLhw=
-95,17,MhPYhwLk1EP0RE7CvqZ9qGE+NzA=,ukLrqmzPzhY0CnJYd6pYHl/uLhw=
-88,21,MhPYhwLk1EP0RE7CvqZ9qGE+NzA=,ukLrqmzPzhY0CnJYd6pYHl/uLhw=
-93,18,MhPYhwLk1EP0RE7CvqZ9qGE+NzA=,ukLrqmzPzhY0CnJYd6pYHl/uLhw=
-90,20,MhPYhwLk1EP0RE7CvqZ9qGE+NzA=,ukLrqmzPzhY0CnJYd6pYHl/uLhw=
-94,18,MhPYhwLk1EP0RE7CvqZ9qGE+NzA=,ukLrqmzPzhY0CnJYd6pYHl/uLhw=
-86,18,MhPYhwLk1EP0RE7CvqZ9qGE+NzA=,ukLrqmzPzhY0CnJYd6pYHl/uLhw=
-91,20,MhPYhwLk1EP0RE7CvqZ9qGE+NzA=,ukLrqmzPzhY0CnJYd6pYHl/uLhw=
-87,18,MhPYhwLk1EP0RE7CvqZ9qGE+NzA=,ukLrqmzPzhY0CnJYd6pYHl/uLhw=
-90,19,nAtHtRhTseyWqLVeWk7uYR7WZnE=,ukLrqmzPzhY0CnJYd6pYHl/uLhw=
-88,18,nAtHtRhTseyWqLVeWk7uYR7WZnE=,ukLrqmzPzhY0CnJYd6pYHl/uLhw=
-90,26,nAtHtRhTseyWqLVeWk7uYR7WZnE=,ukLrqmzPzhY0CnJYd6pYHl/uLhw=
-92,19,nAtHtRhTseyWqLVeWk7uYR7WZnE=,ukLrqmzPzhY0CnJYd6pYHl/uLhw=
-91,19,nAtHtRhTseyWqLVeWk7uYR7WZnE=,ukLrqmzPzhY0CnJYd6pYHl/uLhw=
-90,24,nAtHtRhTseyWqLVeWk7uYR7WZnE=,ukLrqmzPzhY0CnJYd6pYHl/uLhw=
-89,18,nAtHtRhTseyWqLVeWk7uYR7WZnE=,ukLrqmzPzhY0CnJYd6pYHl/uLhw=
-92,20,nAtHtRhTseyWqLVeWk7uYR7WZnE=,ukLrqmzPzhY0CnJYd6pYHl/uLhw=
-89,22,nAtHtRhTseyWqLVeWk7uYR7WZnE=,ukLrqmzPzhY0CnJYd6pYHl/uLhw=
-91,24,nAtHtRhTseyWqLVeWk7uYR7WZnE=,ukLrqmzPzhY0CnJYd6pYHl/uLhw=
-89,20,nAtHtRhTseyWqLVeWk7uYR7WZnE=,ukLrqmzPzhY0CnJYd6pYHl/uLhw=
-95,22,nAtHtRhTseyWqLVeWk7uYR7WZnE=,ukLrqmzPzhY0CnJYd6pYHl/uLhw=
-90,22,nAtHtRhTseyWqLVeWk7uYR7WZnE=,ukLrqmzPzhY0CnJYd6pYHl/uLhw=
-91,26,nAtHtRhTseyWqLVeWk7uYR7WZnE=,ukLrqmzPzhY0CnJYd6pYHl/uLhw=
-89,17,nAtHtRhTseyWqLVeWk7uYR7WZnE=,ukLrqmzPzhY0CnJYd6pYHl/uLhw=
-93,19,nAtHtRhTseyWqLVeWk7uYR7WZnE=,ukLrqmzPzhY0CnJYd6pYHl/uLhw=
-91,22,nAtHtRhTseyWqLVeWk7uYR7WZnE=,ukLrqmzPzhY0CnJYd6pYHl/uLhw=
-90,25,nAtHtRhTseyWqLVeWk7uYR7WZnE=,ukLrqmzPzhY0CnJYd6pYHl/uLhw=
-86,17,nAtHtRhTseyWqLVeWk7uYR7WZnE=,ukLrqmzPzhY0CnJYd6pYHl/uLhw=
-92,21,nAtHtRhTseyWqLVeWk7uYR7WZnE=,ukLrqmzPzhY0CnJYd6pYHl/uLhw=
-89,21,nAtHtRhTseyWqLVeWk7uYR7WZnE=,ukLrqmzPzhY0CnJYd6pYHl/uLhw=
-91,25,nAtHtRhTseyWqLVeWk7uYR7WZnE=,ukLrqmzPzhY0CnJYd6pYHl/uLhw=
-87,17,nAtHtRhTseyWqLVeWk7uYR7WZnE=,ukLrqmzPzhY0CnJYd6pYHl/uLhw=
-94,20,nAtHtRhTseyWqLVeWk7uYR7WZnE=,ukLrqmzPzhY0CnJYd6pYHl/uLhw=
-90,21,nAtHtRhTseyWqLVeWk7uYR7WZnE=,ukLrqmzPzhY0CnJYd6pYHl/uLhw=
-88,17,nAtHtRhTseyWqLVeWk7uYR7WZnE=,ukLrqmzPzhY0CnJYd6pYHl/uLhw=
-90,23,nAtHtRhTseyWqLVeWk7uYR7WZnE=,ukLrqmzPzhY0CnJYd6pYHl/uLhw=
-94,19,3tJrJdaZDDz9Pc/LuG05G10W3xU=,ukLrqmzPzhY0CnJYd6pYHl/uLhw=
-91,21,3tJrJdaZDDz9Pc/LuG05G10W3xU=,ukLrqmzPzhY0CnJYd6pYHl/uLhw=
-91,23,3tJrJdaZDDz9Pc/LuG05G10W3xU=,ukLrqmzPzhY0CnJYd6pYHl/uLhw=
-89,19,3tJrJdaZDDz9Pc/LuG05G10W3xU=,ukLrqmzPzhY0CnJYd6pYHl/uLhw=
-95,19,3tJrJdaZDDz9Pc/LuG05G10W3xU=,ukLrqmzPzhY0CnJYd6pYHl/uLhw=
-86,20,3tJrJdaZDDz9Pc/LuG05G10W3xU=,ukLrqmzPzhY0CnJYd6pYHl/uLhw=
-93,21,3tJrJdaZDDz9Pc/LuG05G10W3xU=,ukLrqmzPzhY0CnJYd6pYHl/uLhw=
-90,27,3tJrJdaZDDz9Pc/LuG05G10W3xU=,ukLrqmzPzhY0CnJYd6pYHl/uLhw=
-87,20,3tJrJdaZDDz9Pc/LuG05G10W3xU=,ukLrqmzPzhY0CnJYd6pYHl/uLhw=
-93,22,3tJrJdaZDDz9Pc/LuG05G10W3xU=,ukLrqmzPzhY0CnJYd6pYHl/uLhw=
-91,27,3tJrJdaZDDz9Pc/LuG05G10W3xU=,ukLrqmzPzhY0CnJYd6pYHl/uLhw=
-93,27,3tJrJdaZDDz9Pc/LuG05G10W3xU=,ukLrqmzPzhY0CnJYd6pYHl/uLhw=
-88,20,3tJrJdaZDDz9Pc/LuG05G10W3xU=,ukLrqmzPzhY0CnJYd6pYHl/uLhw=
-94,21,3tJrJdaZDDz9Pc/LuG05G10W3xU=,ukLrqmzPzhY0CnJYd6pYHl/uLhw=
-96,22,3tJrJdaZDDz9Pc/LuG05G10W3xU=,ukLrqmzPzhY0CnJYd6pYHl/uLhw=
-92,25,3tJrJdaZDDz9Pc/LuG05G10W3xU=,ukLrqmzPzhY0CnJYd6pYHl/uLhw=
-86,19,3tJrJdaZDDz9Pc/LuG05G10W3xU=,ukLrqmzPzhY0CnJYd6pYHl/uLhw=
-96,24,3tJrJdaZDDz9Pc/LuG05G10W3xU=,ukLrqmzPzhY0CnJYd6pYHl/uLhw=
-94,22,3tJrJdaZDDz9Pc/LuG05G10W3xU=,ukLrqmzPzhY0CnJYd6pYHl/uLhw=
-95,26,3tJrJdaZDDz9Pc/LuG05G10W3xU=,ukLrqmzPzhY0CnJYd6pYHl/uLhw=
-87,19,pO0nPzS/WdvG2UAAT7w5r9qIy+Q=,ukLrqmzPzhY0CnJYd6pYHl/uLhw=
-95,20,pO0nPzS/WdvG2UAAT7w5r9qIy+Q=,ukLrqmzPzhY0CnJYd6pYHl/uLhw=
-96,23,pO0nPzS/WdvG2UAAT7w5r9qIy+Q=,ukLrqmzPzhY0CnJYd6pYHl/uLhw=
-95,24,pO0nPzS/WdvG2UAAT7w5r9qIy+Q=,ukLrqmzPzhY0CnJYd6pYHl/uLhw=
-88,19,pO0nPzS/WdvG2UAAT7w5r9qIy+Q=,ukLrqmzPzhY0CnJYd6pYHl/uLhw=
-96,21,pO0nPzS/WdvG2UAAT7w5r9qIy+Q=,ukLrqmzPzhY0CnJYd6pYHl/uLhw=
-95,21,pO0nPzS/WdvG2UAAT7w5r9qIy+Q=,ukLrqmzPzhY0CnJYd6pYHl/uLhw=
-94,27,2quyazIb0wtCTHSZ0bR8SuTkjHU=,ukLrqmzPzhY0CnJYd6pYHl/uLhw=
-96,20,2quyazIb0wtCTHSZ0bR8SuTkjHU=,ukLrqmzPzhY0CnJYd6pYHl/uLhw=
-94,16,2quyazIb0wtCTHSZ0bR8SuTkjHU=,ukLrqmzPzhY0CnJYd6pYHl/uLhw=
-92,22,2quyazIb0wtCTHSZ0bR8SuTkjHU=,ukLrqmzPzhY0CnJYd6pYHl/uLhw=
-93,23,2quyazIb0wtCTHSZ0bR8SuTkjHU=,ukLrqmzPzhY0CnJYd6pYHl/uLhw=
-96,18,2quyazIb0wtCTHSZ0bR8SuTkjHU=,ukLrqmzPzhY0CnJYd6pYHl/uLhw=
-95,16,2quyazIb0wtCTHSZ0bR8SuTkjHU=,ukLrqmzPzhY0CnJYd6pYHl/uLhw=
-93,20,2quyazIb0wtCTHSZ0bR8SuTkjHU=,ukLrqmzPzhY0CnJYd6pYHl/uLhw=
-96,26,2quyazIb0wtCTHSZ0bR8SuTkjHU=,ukLrqmzPzhY0CnJYd6pYHl/uLhw=
-96,19,2quyazIb0wtCTHSZ0bR8SuTkjHU=,ukLrqmzPzhY0CnJYd6pYHl/uLhw=
-93,25,2quyazIb0wtCTHSZ0bR8SuTkjHU=,ukLrqmzPzhY0CnJYd6pYHl/uLhw=
-96,17,2quyazIb0wtCTHSZ0bR8SuTkjHU=,ukLrqmzPzhY0CnJYd6pYHl/uLhw=
-92,24,2quyazIb0wtCTHSZ0bR8SuTkjHU=,ukLrqmzPzhY0CnJYd6pYHl/uLhw=
-95,27,2quyazIb0wtCTHSZ0bR8SuTkjHU=,ukLrqmzPzhY0CnJYd6pYHl/uLhw=
-94,25,2quyazIb0wtCTHSZ0bR8SuTkjHU=,ukLrqmzPzhY0CnJYd6pYHl/uLhw=
-94,23,2quyazIb0wtCTHSZ0bR8SuTkjHU=,ukLrqmzPzhY0CnJYd6pYHl/uLhw=
-89,26,2quyazIb0wtCTHSZ0bR8SuTkjHU=,ukLrqmzPzhY0CnJYd6pYHl/uLhw=
-92,26,2quyazIb0wtCTHSZ0bR8SuTkjHU=,ukLrqmzPzhY0CnJYd6pYHl/uLhw=
-89,24,2quyazIb0wtCTHSZ0bR8SuTkjHU=,ukLrqmzPzhY0CnJYd6pYHl/uLhw=
-89,25,2quyazIb0wtCTHSZ0bR8SuTkjHU=,ukLrqmzPzhY0CnJYd6pYHl/uLhw=
-95,23,2quyazIb0wtCTHSZ0bR8SuTkjHU=,ukLrqmzPzhY0CnJYd6pYHl/uLhw=
-85,18,2quyazIb0wtCTHSZ0bR8SuTkjHU=,ukLrqmzPzhY0CnJYd6pYHl/uLhw=
-85,22,2quyazIb0wtCTHSZ0bR8SuTkjHU=,ukLrqmzPzhY0CnJYd6pYHl/uLhw=
-86,23,2quyazIb0wtCTHSZ0bR8SuTkjHU=,ukLrqmzPzhY0CnJYd6pYHl/uLhw=
-93,26,2quyazIb0wtCTHSZ0bR8SuTkjHU=,ukLrqmzPzhY0CnJYd6pYHl/uLhw=
-85,21,2quyazIb0wtCTHSZ0bR8SuTkjHU=,ukLrqmzPzhY0CnJYd6pYHl/uLhw=
-81,20,2quyazIb0wtCTHSZ0bR8SuTkjHU=,ukLrqmzPzhY0CnJYd6pYHl/uLhw=
-89,23,2quyazIb0wtCTHSZ0bR8SuTkjHU=,ukLrqmzPzhY0CnJYd6pYHl/uLhw=
-94,26,2quyazIb0wtCTHSZ0bR8SuTkjHU=,ukLrqmzPzhY0CnJYd6pYHl/uLhw=
-85,23,2quyazIb0wtCTHSZ0bR8SuTkjHU=,ukLrqmzPzhY0CnJYd6pYHl/uLhw=
-82,20,2quyazIb0wtCTHSZ0bR8SuTkjHU=,ukLrqmzPzhY0CnJYd6pYHl/uLhw=
-87,23,2quyazIb0wtCTHSZ0bR8SuTkjHU=,ukLrqmzPzhY0CnJYd6pYHl/uLhw=
-92,23,2quyazIb0wtCTHSZ0bR8SuTkjHU=,ukLrqmzPzhY0CnJYd6pYHl/uLhw=
-82,23,2quyazIb0wtCTHSZ0bR8SuTkjHU=,ukLrqmzPzhY0CnJYd6pYHl/uLhw=
-83,20,2quyazIb0wtCTHSZ0bR8SuTkjHU=,ukLrqmzPzhY0CnJYd6pYHl/uLhw=
-88,23,2quyazIb0wtCTHSZ0bR8SuTkjHU=,ukLrqmzPzhY0CnJYd6pYHl/uLhw=
-95,25,2quyazIb0wtCTHSZ0bR8SuTkjHU=,ukLrqmzPzhY0CnJYd6pYHl/uLhw=
-83,23,2quyazIb0wtCTHSZ0bR8SuTkjHU=,ukLrqmzPzhY0CnJYd6pYHl/uLhw=
-82,16,2quyazIb0wtCTHSZ0bR8SuTkjHU=,ukLrqmzPzhY0CnJYd6pYHl/uLhw=
-84,16,2quyazIb0wtCTHSZ0bR8SuTkjHU=,ukLrqmzPzhY0CnJYd6pYHl/uLhw=
-96,25,s61qnSRmjpBeYL1Qy7S+nmisR7I=,ukLrqmzPzhY0CnJYd6pYHl/uLhw=
-84,23,s61qnSRmjpBeYL1Qy7S+nmisR7I=,ukLrqmzPzhY0CnJYd6pYHl/uLhw=
-83,16,s61qnSRmjpBeYL1Qy7S+nmisR7I=,ukLrqmzPzhY0CnJYd6pYHl/uLhw=
-85,16,s61qnSRmjpBeYL1Qy7S+nmisR7I=,ukLrqmzPzhY0CnJYd6pYHl/uLhw=
-81,22,s61qnSRmjpBeYL1Qy7S+nmisR7I=,ukLrqmzPzhY0CnJYd6pYHl/uLhw=
-93,24,s61qnSRmjpBeYL1Qy7S+nmisR7I=,ukLrqmzPzhY0CnJYd6pYHl/uLhw=
-84,20,s61qnSRmjpBeYL1Qy7S+nmisR7I=,ukLrqmzPzhY0CnJYd6pYHl/uLhw=
-86,16,s61qnSRmjpBeYL1Qy7S+nmisR7I=,ukLrqmzPzhY0CnJYd6pYHl/uLhw=
-94,24,s61qnSRmjpBeYL1Qy7S+nmisR7I=,ukLrqmzPzhY0CnJYd6pYHl/uLhw=
-82,22,s61qnSRmjpBeYL1Qy7S+nmisR7I=,ukLrqmzPzhY0CnJYd6pYHl/uLhw=
-81,18,s61qnSRmjpBeYL1Qy7S+nmisR7I=,ukLrqmzPzhY0CnJYd6pYHl/uLhw=
-87,16,s61qnSRmjpBeYL1Qy7S+nmisR7I=,ukLrqmzPzhY0CnJYd6pYHl/uLhw=
-92,27,s61qnSRmjpBeYL1Qy7S+nmisR7I=,ukLrqmzPzhY0CnJYd6pYHl/uLhw=
-83,22,s61qnSRmjpBeYL1Qy7S+nmisR7I=,ukLrqmzPzhY0CnJYd6pYHl/uLhw=
-85,17,s61qnSRmjpBeYL1Qy7S+nmisR7I=,ukLrqmzPzhY0CnJYd6pYHl/uLhw=
-93,16,s61qnSRmjpBeYL1Qy7S+nmisR7I=,ukLrqmzPzhY0CnJYd6pYHl/uLhw=
-84,22,s61qnSRmjpBeYL1Qy7S+nmisR7I=,ukLrqmzPzhY0CnJYd6pYHl/uLhw=
-81,16,s61qnSRmjpBeYL1Qy7S+nmisR7I=,ukLrqmzPzhY0CnJYd6pYHl/uLhw=
-82,18,s61qnSRmjpBeYL1Qy7S+nmisR7I=,ukLrqmzPzhY0CnJYd6pYHl/uLhw=
-88,16,s61qnSRmjpBeYL1Qy7S+nmisR7I=,ukLrqmzPzhY0CnJYd6pYHl/uLhw=
-96,27,s61qnSRmjpBeYL1Qy7S+nmisR7I=,ukLrqmzPzhY0CnJYd6pYHl/uLhw=
-81,21,s61qnSRmjpBeYL1Qy7S+nmisR7I=,ukLrqmzPzhY0CnJYd6pYHl/uLhw=
-81,19,s61qnSRmjpBeYL1Qy7S+nmisR7I=,ukLrqmzPzhY0CnJYd6pYHl/uLhw=
-89,16,s61qnSRmjpBeYL1Qy7S+nmisR7I=,ukLrqmzPzhY0CnJYd6pYHl/uLhw=
-89,27,6ZcdsJBwS1HRDPRYsHt6a9zojZA=,ukLrqmzPzhY0CnJYd6pYHl/uLhw=
-82,21,6ZcdsJBwS1HRDPRYsHt6a9zojZA=,ukLrqmzPzhY0CnJYd6pYHl/uLhw=
-85,20,6ZcdsJBwS1HRDPRYsHt6a9zojZA=,ukLrqmzPzhY0CnJYd6pYHl/uLhw=
-90,16,6ZcdsJBwS1HRDPRYsHt6a9zojZA=,ukLrqmzPzhY0CnJYd6pYHl/uLhw=
-83,21,6ZcdsJBwS1HRDPRYsHt6a9zojZA=,ukLrqmzPzhY0CnJYd6pYHl/uLhw=
-81,23,6ZcdsJBwS1HRDPRYsHt6a9zojZA=,ukLrqmzPzhY0CnJYd6pYHl/uLhw=
-82,19,6ZcdsJBwS1HRDPRYsHt6a9zojZA=,ukLrqmzPzhY0CnJYd6pYHl/uLhw=
-91,16,6ZcdsJBwS1HRDPRYsHt6a9zojZA=,ukLrqmzPzhY0CnJYd6pYHl/uLhw=
-96,16,6ZcdsJBwS1HRDPRYsHt6a9zojZA=,ukLrqmzPzhY0CnJYd6pYHl/uLhw=
-84,21,6ZcdsJBwS1HRDPRYsHt6a9zojZA=,ukLrqmzPzhY0CnJYd6pYHl/uLhw=
-83,18,6ZcdsJBwS1HRDPRYsHt6a9zojZA=,ukLrqmzPzhY0CnJYd6pYHl/uLhw=
-92,16,6ZcdsJBwS1HRDPRYsHt6a9zojZA=,ukLrqmzPzhY0CnJYd6pYHl/uLhw=
-84,18,6ZcdsJBwS1HRDPRYsHt6a9zojZA=,ukLrqmzPzhY0CnJYd6pYHl/uLhw=
-81,17,6ZcdsJBwS1HRDPRYsHt6a9zojZA=,ukLrqmzPzhY0CnJYd6pYHl/uLhw=
-82,17,6ZcdsJBwS1HRDPRYsHt6a9zojZA=,ukLrqmzPzhY0CnJYd6pYHl/uLhw=
-83,17,6ZcdsJBwS1HRDPRYsHt6a9zojZA=,ukLrqmzPzhY0CnJYd6pYHl/uLhw=
-85,19,6ZcdsJBwS1HRDPRYsHt6a9zojZA=,ukLrqmzPzhY0CnJYd6pYHl/uLhw=
-84,17,6ZcdsJBwS1HRDPRYsHt6a9zojZA=,ukLrqmzPzhY0CnJYd6pYHl/uLhw=
-83,19,6ZcdsJBwS1HRDPRYsHt6a9zojZA=,ukLrqmzPzhY0CnJYd6pYHl/uLhw=
-84,19,6ZcdsJBwS1HRDPRYsHt6a9zojZA=,ukLrqmzPzhY0CnJYd6pYHl/uLhw=
-90,13,IWItUvvjkAPoSj8HxgVKVKV22mU=,ukLrqmzPzhY0CnJYd6pYHl/uLhw=
-90,15,IWItUvvjkAPoSj8HxgVKVKV22mU=,ukLrqmzPzhY0CnJYd6pYHl/uLhw=
-90,14,IWItUvvjkAPoSj8HxgVKVKV22mU=,ukLrqmzPzhY0CnJYd6pYHl/uLhw=
-91,15,IWItUvvjkAPoSj8HxgVKVKV22mU=,ukLrqmzPzhY0CnJYd6pYHl/uLhw=
-87,13,IWItUvvjkAPoSj8HxgVKVKV22mU=,ukLrqmzPzhY0CnJYd6pYHl/uLhw=
-85,14,IWItUvvjkAPoSj8HxgVKVKV22mU=,ukLrqmzPzhY0CnJYd6pYHl/uLhw=
-91,14,IWItUvvjkAPoSj8HxgVKVKV22mU=,ukLrqmzPzhY0CnJYd6pYHl/uLhw=
-88,13,IWItUvvjkAPoSj8HxgVKVKV22mU=,ukLrqmzPzhY0CnJYd6pYHl/uLhw=
-82,12,IWItUvvjkAPoSj8HxgVKVKV22mU=,ukLrqmzPzhY0CnJYd6pYHl/uLhw=
-83,14,IWItUvvjkAPoSj8HxgVKVKV22mU=,ukLrqmzPzhY0CnJYd6pYHl/uLhw=
-91,13,IWItUvvjkAPoSj8HxgVKVKV22mU=,ukLrqmzPzhY0CnJYd6pYHl/uLhw=
-86,14,IWItUvvjkAPoSj8HxgVKVKV22mU=,ukLrqmzPzhY0CnJYd6pYHl/uLhw=
-83,12,IWItUvvjkAPoSj8HxgVKVKV22mU=,ukLrqmzPzhY0CnJYd6pYHl/uLhw=
-84,14,IWItUvvjkAPoSj8HxgVKVKV22mU=,ukLrqmzPzhY0CnJYd6pYHl/uLhw=
-87,14,IWItUvvjkAPoSj8HxgVKVKV22mU=,ukLrqmzPzhY0CnJYd6pYHl/uLhw=
-85,12,IWItUvvjkAPoSj8HxgVKVKV22mU=,ukLrqmzPzhY0CnJYd6pYHl/uLhw=
-82,13,IWItUvvjkAPoSj8HxgVKVKV22mU=,ukLrqmzPzhY0CnJYd6pYHl/uLhw=
-87,15,IWItUvvjkAPoSj8HxgVKVKV22mU=,ukLrqmzPzhY0CnJYd6pYHl/uLhw=
-84,12,IWItUvvjkAPoSj8HxgVKVKV22mU=,ukLrqmzPzhY0CnJYd6pYHl/uLhw=
-83,13,IWItUvvjkAPoSj8HxgVKVKV22mU=,ukLrqmzPzhY0CnJYd6pYHl/uLhw=
-83,2,IWItUvvjkAPoSj8HxgVKVKV22mU=,3ec0jRw8wcVvNV4nq2eNygLLFUA=
-88,15,IWItUvvjkAPoSj8HxgVKVKV22mU=,ukLrqmzPzhY0CnJYd6pYHl/uLhw=
-84,13,IWItUvvjkAPoSj8HxgVKVKV22mU=,ukLrqmzPzhY0CnJYd6pYHl/uLhw=
-82,1,IWItUvvjkAPoSj8HxgVKVKV22mU=,3ec0jRw8wcVvNV4nq2eNygLLFUA=
-81,1,IWItUvvjkAPoSj8HxgVKVKV22mU=,3ec0jRw8wcVvNV4nq2eNygLLFUA=
-85,13,IWItUvvjkAPoSj8HxgVKVKV22mU=,ukLrqmzPzhY0CnJYd6pYHl/uLhw=
-88,14,IWItUvvjkAPoSj8HxgVKVKV22mU=,ukLrqmzPzhY0CnJYd6pYHl/uLhw=
-83,1,IWItUvvjkAPoSj8HxgVKVKV22mU=,3ec0jRw8wcVvNV4nq2eNygLLFUA=
-81,2,IWItUvvjkAPoSj8HxgVKVKV22mU=,3ec0jRw8wcVvNV4nq2eNygLLFUA=
-82,14,IWItUvvjkAPoSj8HxgVKVKV22mU=,ukLrqmzPzhY0CnJYd6pYHl/uLhw=
-82,2,IWItUvvjkAPoSj8HxgVKVKV22mU=,3ec0jRw8wcVvNV4nq2eNygLLFUA=
-86,15,IWItUvvjkAPoSj8HxgVKVKV22mU=,ukLrqmzPzhY0CnJYd6pYHl/uLhw=
-82,3,IWItUvvjkAPoSj8HxgVKVKV22mU=,3ec0jRw8wcVvNV4nq2eNygLLFUA=
-81,3,IWItUvvjkAPoSj8HxgVKVKV22mU=,3ec0jRw8wcVvNV4nq2eNygLLFUA=
-86,12,IWItUvvjkAPoSj8HxgVKVKV22mU=,ukLrqmzPzhY0CnJYd6pYHl/uLhw=
-83,3,IWItUvvjkAPoSj8HxgVKVKV22mU=,3ec0jRw8wcVvNV4nq2eNygLLFUA=
-84,2,IWItUvvjkAPoSj8HxgVKVKV22mU=,3ec0jRw8wcVvNV4nq2eNygLLFUA=
-87,12,IWItUvvjkAPoSj8HxgVKVKV22mU=,ukLrqmzPzhY0CnJYd6pYHl/uLhw=
-84,1,IWItUvvjkAPoSj8HxgVKVKV22mU=,3ec0jRw8wcVvNV4nq2eNygLLFUA=
-81,13,IWItUvvjkAPoSj8HxgVKVKV22mU=,ukLrqmzPzhY0CnJYd6pYHl/uLhw=
-81,0,IWItUvvjkAPoSj8HxgVKVKV22mU=,3ec0jRw8wcVvNV4nq2eNygLLFUA=
-89,15,IWItUvvjkAPoSj8HxgVKVKV22mU=,ukLrqmzPzhY0CnJYd6pYHl/uLhw=
-81,14,IWItUvvjkAPoSj8HxgVKVKV22mU=,ukLrqmzPzhY0CnJYd6pYHl/uLhw=
-81,12,IWItUvvjkAPoSj8HxgVKVKV22mU=,ukLrqmzPzhY0CnJYd6pYHl/uLhw=
-82,0,IWItUvvjkAPoSj8HxgVKVKV22mU=,3ec0jRw8wcVvNV4nq2eNygLLFUA=
-86,13,IWItUvvjkAPoSj8HxgVKVKV22mU=,ukLrqmzPzhY0CnJYd6pYHl/uLhw=
-92,14,IWItUvvjkAPoSj8HxgVKVKV22mU=,ukLrqmzPzhY0CnJYd6pYHl/uLhw=
-83,0,IWItUvvjkAPoSj8HxgVKVKV22mU=,3ec0jRw8wcVvNV4nq2eNygLLFUA=
-89,12,IWItUvvjkAPoSj8HxgVKVKV22mU=,ukLrqmzPzhY0CnJYd6pYHl/uLhw=
-89,14,IWItUvvjkAPoSj8HxgVKVKV22mU=,ukLrqmzPzhY0CnJYd6pYHl/uLhw=
-92,13,IWItUvvjkAPoSj8HxgVKVKV22mU=,ukLrqmzPzhY0CnJYd6pYHl/uLhw=
-84,0,IWItUvvjkAPoSj8HxgVKVKV22mU=,3ec0jRw8wcVvNV4nq2eNygLLFUA=
-90,12,IWItUvvjkAPoSj8HxgVKVKV22mU=,ukLrqmzPzhY0CnJYd6pYHl/uLhw=
-89,13,IWItUvvjkAPoSj8HxgVKVKV22mU=,ukLrqmzPzhY0CnJYd6pYHl/uLhw=
-92,12,IWItUvvjkAPoSj8HxgVKVKV22mU=,ukLrqmzPzhY0CnJYd6pYHl/uLhw=
-91,12,IWItUvvjkAPoSj8HxgVKVKV22mU=,ukLrqmzPzhY0CnJYd6pYHl/uLhw=
-92,15,IWItUvvjkAPoSj8HxgVKVKV22mU=,ukLrqmzPzhY0CnJYd6pYHl/uLhw=
-88,12,IWItUvvjkAPoSj8HxgVKVKV22mU=,ukLrqmzPzhY0CnJYd6pYHl/uLhw=
-84,3,IWItUvvjkAPoSj8HxgVKVKV22mU=,3ec0jRw8wcVvNV4nq2eNygLLFUA=
-81,15,IWItUvvjkAPoSj8HxgVKVKV22mU=,ukLrqmzPzhY0CnJYd6pYHl/uLhw=
-82,15,IWItUvvjkAPoSj8HxgVKVKV22mU=,ukLrqmzPzhY0CnJYd6pYHl/uLhw=
-83,15,IWItUvvjkAPoSj8HxgVKVKV22mU=,ukLrqmzPzhY0CnJYd6pYHl/uLhw=
-85,15,IWItUvvjkAPoSj8HxgVKVKV22mU=,ukLrqmzPzhY0CnJYd6pYHl/uLhw=
-84,15,IWItUvvjkAPoSj8HxgVKVKV22mU=,ukLrqmzPzhY0CnJYd6pYHl/uLhw=
-66,22,EVP4Gbl1wgGSDdVXLxk0QNnj/DM=,ukLrqmzPzhY0CnJYd6pYHl/uLhw=
-67,22,EVP4Gbl1wgGSDdVXLxk0QNnj/DM=,ukLrqmzPzhY0CnJYd6pYHl/uLhw=
-70,22,EVP4Gbl1wgGSDdVXLxk0QNnj/DM=,ukLrqmzPzhY0CnJYd6pYHl/uLhw=
-66,21,EVP4Gbl1wgGSDdVXLxk0QNnj/DM=,ukLrqmzPzhY0CnJYd6pYHl/uLhw=
-71,22,EVP4Gbl1wgGSDdVXLxk0QNnj/DM=,ukLrqmzPzhY0CnJYd6pYHl/uLhw=
-67,21,EVP4Gbl1wgGSDdVXLxk0QNnj/DM=,ukLrqmzPzhY0CnJYd6pYHl/uLhw=
-68,21,EVP4Gbl1wgGSDdVXLxk0QNnj/DM=,ukLrqmzPzhY0CnJYd6pYHl/uLhw=
-69,21,EVP4Gbl1wgGSDdVXLxk0QNnj/DM=,ukLrqmzPzhY0CnJYd6pYHl/uLhw=
-70,21,EVP4Gbl1wgGSDdVXLxk0QNnj/DM=,ukLrqmzPzhY0CnJYd6pYHl/uLhw=
-71,21,EVP4Gbl1wgGSDdVXLxk0QNnj/DM=,ukLrqmzPzhY0CnJYd6pYHl/uLhw=
-69,22,EVP4Gbl1wgGSDdVXLxk0QNnj/DM=,ukLrqmzPzhY0CnJYd6pYHl/uLhw=
-68,22,cWuatH3SnWefVzOdXY5vNKKgDfI=,ukLrqmzPzhY0CnJYd6pYHl/uLhw=
-73,22,cWuatH3SnWefVzOdXY5vNKKgDfI=,ukLrqmzPzhY0CnJYd6pYHl/uLhw=
-74,22,cWuatH3SnWefVzOdXY5vNKKgDfI=,ukLrqmzPzhY0CnJYd6pYHl/uLhw=
-67,18,cWuatH3SnWefVzOdXY5vNKKgDfI=,ukLrqmzPzhY0CnJYd6pYHl/uLhw=
-75,22,cWuatH3SnWefVzOdXY5vNKKgDfI=,ukLrqmzPzhY0CnJYd6pYHl/uLhw=
-73,21,cWuatH3SnWefVzOdXY5vNKKgDfI=,ukLrqmzPzhY0CnJYd6pYHl/uLhw=
-66,17,cWuatH3SnWefVzOdXY5vNKKgDfI=,ukLrqmzPzhY0CnJYd6pYHl/uLhw=
-70,20,cWuatH3SnWefVzOdXY5vNKKgDfI=,ukLrqmzPzhY0CnJYd6pYHl/uLhw=
-72,22,cWuatH3SnWefVzOdXY5vNKKgDfI=,ukLrqmzPzhY0CnJYd6pYHl/uLhw=
-67,17,cWuatH3SnWefVzOdXY5vNKKgDfI=,ukLrqmzPzhY0CnJYd6pYHl/uLhw=
-68,18,cWuatH3SnWefVzOdXY5vNKKgDfI=,ukLrqmzPzhY0CnJYd6pYHl/uLhw=
-72,21,cWuatH3SnWefVzOdXY5vNKKgDfI=,ukLrqmzPzhY0CnJYd6pYHl/uLhw=
-73,20,cWuatH3SnWefVzOdXY5vNKKgDfI=,ukLrqmzPzhY0CnJYd6pYHl/uLhw=
-66,19,cWuatH3SnWefVzOdXY5vNKKgDfI=,ukLrqmzPzhY0CnJYd6pYHl/uLhw=
-71,20,cWuatH3SnWefVzOdXY5vNKKgDfI=,ukLrqmzPzhY0CnJYd6pYHl/uLhw=
-74,21,cWuatH3SnWefVzOdXY5vNKKgDfI=,ukLrqmzPzhY0CnJYd6pYHl/uLhw=
-72,20,cWuatH3SnWefVzOdXY5vNKKgDfI=,ukLrqmzPzhY0CnJYd6pYHl/uLhw=
-67,19,cWuatH3SnWefVzOdXY5vNKKgDfI=,ukLrqmzPzhY0CnJYd6pYHl/uLhw=
-68,17,cWuatH3SnWefVzOdXY5vNKKgDfI=,ukLrqmzPzhY0CnJYd6pYHl/uLhw=
-75,21,cWuatH3SnWefVzOdXY5vNKKgDfI=,ukLrqmzPzhY0CnJYd6pYHl/uLhw=
-74,20,cWuatH3SnWefVzOdXY5vNKKgDfI=,ukLrqmzPzhY0CnJYd6pYHl/uLhw=
-66,20,cWuatH3SnWefVzOdXY5vNKKgDfI=,ukLrqmzPzhY0CnJYd6pYHl/uLhw=
-69,19,cWuatH3SnWefVzOdXY5vNKKgDfI=,ukLrqmzPzhY0CnJYd6pYHl/uLhw=
-73,19,cWuatH3SnWefVzOdXY5vNKKgDfI=,ukLrqmzPzhY0CnJYd6pYHl/uLhw=
-67,20,cWuatH3SnWefVzOdXY5vNKKgDfI=,ukLrqmzPzhY0CnJYd6pYHl/uLhw=
-70,19,cWuatH3SnWefVzOdXY5vNKKgDfI=,ukLrqmzPzhY0CnJYd6pYHl/uLhw=
-66,18,cWuatH3SnWefVzOdXY5vNKKgDfI=,ukLrqmzPzhY0CnJYd6pYHl/uLhw=
-73,18,cWuatH3SnWefVzOdXY5vNKKgDfI=,ukLrqmzPzhY0CnJYd6pYHl/uLhw=
-79,17,cWuatH3SnWefVzOdXY5vNKKgDfI=,ukLrqmzPzhY0CnJYd6pYHl/uLhw=
-71,19,aFNM73VCBIKHhvDclsk2OkROEaU=,ukLrqmzPzhY0CnJYd6pYHl/uLhw=
-76,22,aFNM73VCBIKHhvDclsk2OkROEaU=,ukLrqmzPzhY0CnJYd6pYHl/uLhw=
-74,18,aFNM73VCBIKHhvDclsk2OkROEaU=,ukLrqmzPzhY0CnJYd6pYHl/uLhw=
-77,18,aFNM73VCBIKHhvDclsk2OkROEaU=,ukLrqmzPzhY0CnJYd6pYHl/uLhw=
-69,18,aFNM73VCBIKHhvDclsk2OkROEaU=,ukLrqmzPzhY0CnJYd6pYHl/uLhw=
-76,20,aFNM73VCBIKHhvDclsk2OkROEaU=,ukLrqmzPzhY0CnJYd6pYHl/uLhw=
-74,19,aFNM73VCBIKHhvDclsk2OkROEaU=,ukLrqmzPzhY0CnJYd6pYHl/uLhw=
-77,17,aFNM73VCBIKHhvDclsk2OkROEaU=,ukLrqmzPzhY0CnJYd6pYHl/uLhw=
-70,18,aFNM73VCBIKHhvDclsk2OkROEaU=,ukLrqmzPzhY0CnJYd6pYHl/uLhw=
-77,20,aFNM73VCBIKHhvDclsk2OkROEaU=,ukLrqmzPzhY0CnJYd6pYHl/uLhw=
-75,20,aFNM73VCBIKHhvDclsk2OkROEaU=,ukLrqmzPzhY0CnJYd6pYHl/uLhw=
-78,18,aFNM73VCBIKHhvDclsk2OkROEaU=,ukLrqmzPzhY0CnJYd6pYHl/uLhw=
-71,18,aFNM73VCBIKHhvDclsk2OkROEaU=,ukLrqmzPzhY0CnJYd6pYHl/uLhw=
-77,21,aFNM73VCBIKHhvDclsk2OkROEaU=,ukLrqmzPzhY0CnJYd6pYHl/uLhw=
-72,19,aFNM73VCBIKHhvDclsk2OkROEaU=,ukLrqmzPzhY0CnJYd6pYHl/uLhw=
-78,17,aFNM73VCBIKHhvDclsk2OkROEaU=,ukLrqmzPzhY0CnJYd6pYHl/uLhw=
-69,17,aFNM73VCBIKHhvDclsk2OkROEaU=,ukLrqmzPzhY0CnJYd6pYHl/uLhw=
-76,19,aFNM73VCBIKHhvDclsk2OkROEaU=,ukLrqmzPzhY0CnJYd6pYHl/uLhw=
-72,18,aFNM73VCBIKHhvDclsk2OkROEaU=,ukLrqmzPzhY0CnJYd6pYHl/uLhw=
-79,18,aFNM73VCBIKHhvDclsk2OkROEaU=,ukLrqmzPzhY0CnJYd6pYHl/uLhw=
-68,19,MQwz5ugC18T5Wu38Io+4Fp1g/5U=,ukLrqmzPzhY0CnJYd6pYHl/uLhw=
-75,18,MQwz5ugC18T5Wu38Io+4Fp1g/5U=,ukLrqmzPzhY0CnJYd6pYHl/uLhw=
-77,19,MQwz5ugC18T5Wu38Io+4Fp1g/5U=,ukLrqmzPzhY0CnJYd6pYHl/uLhw=
-76,18,MQwz5ugC18T5Wu38Io+4Fp1g/5U=,ukLrqmzPzhY0CnJYd6pYHl/uLhw=
-69,20,MQwz5ugC18T5Wu38Io+4Fp1g/5U=,ukLrqmzPzhY0CnJYd6pYHl/uLhw=
-75,19,MQwz5ugC18T5Wu38Io+4Fp1g/5U=,ukLrqmzPzhY0CnJYd6pYHl/uLhw=
-78,19,MQwz5ugC18T5Wu38Io+4Fp1g/5U=,ukLrqmzPzhY0CnJYd6pYHl/uLhw=
-76,17,MQwz5ugC18T5Wu38Io+4Fp1g/5U=,ukLrqmzPzhY0CnJYd6pYHl/uLhw=
-68,20,MQwz5ugC18T5Wu38Io+4Fp1g/5U=,ukLrqmzPzhY0CnJYd6pYHl/uLhw=
-78,21,MQwz5ugC18T5Wu38Io+4Fp1g/5U=,ukLrqmzPzhY0CnJYd6pYHl/uLhw=
-73,17,MQwz5ugC18T5Wu38Io+4Fp1g/5U=,ukLrqmzPzhY0CnJYd6pYHl/uLhw=
-80,22,MQwz5ugC18T5Wu38Io+4Fp1g/5U=,ukLrqmzPzhY0CnJYd6pYHl/uLhw=
-70,17,MQwz5ugC18T5Wu38Io+4Fp1g/5U=,ukLrqmzPzhY0CnJYd6pYHl/uLhw=
-78,22,MQwz5ugC18T5Wu38Io+4Fp1g/5U=,ukLrqmzPzhY0CnJYd6pYHl/uLhw=
-74,17,MQwz5ugC18T5Wu38Io+4Fp1g/5U=,ukLrqmzPzhY0CnJYd6pYHl/uLhw=
-80,21,MQwz5ugC18T5Wu38Io+4Fp1g/5U=,ukLrqmzPzhY0CnJYd6pYHl/uLhw=
-71,17,MQwz5ugC18T5Wu38Io+4Fp1g/5U=,ukLrqmzPzhY0CnJYd6pYHl/uLhw=
-79,22,MQwz5ugC18T5Wu38Io+4Fp1g/5U=,ukLrqmzPzhY0CnJYd6pYHl/uLhw=
-75,17,rsFvQl1lrEOZg6fL4fbY1DJ3nRw=,ukLrqmzPzhY0CnJYd6pYHl/uLhw=
-80,19,rsFvQl1lrEOZg6fL4fbY1DJ3nRw=,ukLrqmzPzhY0CnJYd6pYHl/uLhw=
-79,19,rsFvQl1lrEOZg6fL4fbY1DJ3nRw=,ukLrqmzPzhY0CnJYd6pYHl/uLhw=
-78,16,rsFvQl1lrEOZg6fL4fbY1DJ3nRw=,ukLrqmzPzhY0CnJYd6pYHl/uLhw=
-72,17,rsFvQl1lrEOZg6fL4fbY1DJ3nRw=,ukLrqmzPzhY0CnJYd6pYHl/uLhw=
-80,20,rsFvQl1lrEOZg6fL4fbY1DJ3nRw=,ukLrqmzPzhY0CnJYd6pYHl/uLhw=
-79,16,rsFvQl1lrEOZg6fL4fbY1DJ3nRw=,ukLrqmzPzhY0CnJYd6pYHl/uLhw=
-78,20,rsFvQl1lrEOZg6fL4fbY1DJ3nRw=,ukLrqmzPzhY0CnJYd6pYHl/uLhw=
-74,16,rsFvQl1lrEOZg6fL4fbY1DJ3nRw=,ukLrqmzPzhY0CnJYd6pYHl/uLhw=
-80,17,rsFvQl1lrEOZg6fL4fbY1DJ3nRw=,ukLrqmzPzhY0CnJYd6pYHl/uLhw=
-77,22,rsFvQl1lrEOZg6fL4fbY1DJ3nRw=,ukLrqmzPzhY0CnJYd6pYHl/uLhw=
-73,16,rsFvQl1lrEOZg6fL4fbY1DJ3nRw=,ukLrqmzPzhY0CnJYd6pYHl/uLhw=
-75,16,rsFvQl1lrEOZg6fL4fbY1DJ3nRw=,ukLrqmzPzhY0CnJYd6pYHl/uLhw=
-80,18,rsFvQl1lrEOZg6fL4fbY1DJ3nRw=,ukLrqmzPzhY0CnJYd6pYHl/uLhw=
-76,21,rsFvQl1lrEOZg6fL4fbY1DJ3nRw=,ukLrqmzPzhY0CnJYd6pYHl/uLhw=
-70,16,rsFvQl1lrEOZg6fL4fbY1DJ3nRw=,ukLrqmzPzhY0CnJYd6pYHl/uLhw=
-76,16,1VIA+FniHz6pCvgHvfOygMat54g=,ukLrqmzPzhY0CnJYd6pYHl/uLhw=
-66,16,1VIA+FniHz6pCvgHvfOygMat54g=,ukLrqmzPzhY0CnJYd6pYHl/uLhw=
-79,21,1VIA+FniHz6pCvgHvfOygMat54g=,ukLrqmzPzhY0CnJYd6pYHl/uLhw=
-71,16,1VIA+FniHz6pCvgHvfOygMat54g=,ukLrqmzPzhY0CnJYd6pYHl/uLhw=
-77,16,1VIA+FniHz6pCvgHvfOygMat54g=,ukLrqmzPzhY0CnJYd6pYHl/uLhw=
-67,16,1VIA+FniHz6pCvgHvfOygMat54g=,ukLrqmzPzhY0CnJYd6pYHl/uLhw=
-72,16,1VIA+FniHz6pCvgHvfOygMat54g=,ukLrqmzPzhY0CnJYd6pYHl/uLhw=
-79,20,1VIA+FniHz6pCvgHvfOygMat54g=,ukLrqmzPzhY0CnJYd6pYHl/uLhw=
-65,17,1VIA+FniHz6pCvgHvfOygMat54g=,ukLrqmzPzhY0CnJYd6pYHl/uLhw=
-68,16,1VIA+FniHz6pCvgHvfOygMat54g=,ukLrqmzPzhY0CnJYd6pYHl/uLhw=
-65,19,1VIA+FniHz6pCvgHvfOygMat54g=,ukLrqmzPzhY0CnJYd6pYHl/uLhw=
-65,16,1VIA+FniHz6pCvgHvfOygMat54g=,ukLrqmzPzhY0CnJYd6pYHl/uLhw=
-65,18,1VIA+FniHz6pCvgHvfOygMat54g=,ukLrqmzPzhY0CnJYd6pYHl/uLhw=
-69,16,1VIA+FniHz6pCvgHvfOygMat54g=,ukLrqmzPzhY0CnJYd6pYHl/uLhw=
-70,23,1VIA+FniHz6pCvgHvfOygMat54g=,ukLrqmzPzhY0CnJYd6pYHl/uLhw=
-65,22,1VIA+FniHz6pCvgHvfOygMat54g=,ukLrqmzPzhY0CnJYd6pYHl/uLhw=
-72,23,1VIA+FniHz6pCvgHvfOygMat54g=,ukLrqmzPzhY0CnJYd6pYHl/uLhw=
-80,23,1VIA+FniHz6pCvgHvfOygMat54g=,ukLrqmzPzhY0CnJYd6pYHl/uLhw=
-71,23,1VIA+FniHz6pCvgHvfOygMat54g=,ukLrqmzPzhY0CnJYd6pYHl/uLhw=
-65,20,1VIA+FniHz6pCvgHvfOygMat54g=,ukLrqmzPzhY0CnJYd6pYHl/uLhw=
-73,23,1VIA+FniHz6pCvgHvfOygMat54g=,ukLrqmzPzhY0CnJYd6pYHl/uLhw=
-77,23,1VIA+FniHz6pCvgHvfOygMat54g=,ukLrqmzPzhY0CnJYd6pYHl/uLhw=
-66,23,1VIA+FniHz6pCvgHvfOygMat54g=,ukLrqmzPzhY0CnJYd6pYHl/uLhw=
-65,21,1VIA+FniHz6pCvgHvfOygMat54g=,ukLrqmzPzhY0CnJYd6pYHl/uLhw=
-74,23,1VIA+FniHz6pCvgHvfOygMat54g=,ukLrqmzPzhY0CnJYd6pYHl/uLhw=
-78,23,1VIA+FniHz6pCvgHvfOygMat54g=,ukLrqmzPzhY0CnJYd6pYHl/uLhw=
-67,23,1VIA+FniHz6pCvgHvfOygMat54g=,ukLrqmzPzhY0CnJYd6pYHl/uLhw=
-65,23,1VIA+FniHz6pCvgHvfOygMat54g=,ukLrqmzPzhY0CnJYd6pYHl/uLhw=
-75,23,1VIA+FniHz6pCvgHvfOygMat54g=,ukLrqmzPzhY0CnJYd6pYHl/uLhw=
-79,23,1VIA+FniHz6pCvgHvfOygMat54g=,ukLrqmzPzhY0CnJYd6pYHl/uLhw=
-68,23,1VIA+FniHz6pCvgHvfOygMat54g=,ukLrqmzPzhY0CnJYd6pYHl/uLhw=
-80,16,1VIA+FniHz6pCvgHvfOygMat54g=,ukLrqmzPzhY0CnJYd6pYHl/uLhw=
-76,23,1VIA+FniHz6pCvgHvfOygMat54g=,ukLrqmzPzhY0CnJYd6pYHl/uLhw=
-69,23,1VIA+FniHz6pCvgHvfOygMat54g=,ukLrqmzPzhY0CnJYd6pYHl/uLhw=
-66,10,1VIA+FniHz6pCvgHvfOygMat54g=,ukLrqmzPzhY0CnJYd6pYHl/uLhw=
-67,10,1VIA+FniHz6pCvgHvfOygMat54g=,ukLrqmzPzhY0CnJYd6pYHl/uLhw=
-74,14,1VIA+FniHz6pCvgHvfOygMat54g=,ukLrqmzPzhY0CnJYd6pYHl/uLhw=
-68,10,1VIA+FniHz6pCvgHvfOygMat54g=,ukLrqmzPzhY0CnJYd6pYHl/uLhw=
-75,14,1VIA+FniHz6pCvgHvfOygMat54g=,ukLrqmzPzhY0CnJYd6pYHl/uLhw=
-66,9,1VIA+FniHz6pCvgHvfOygMat54g=,ukLrqmzPzhY0CnJYd6pYHl/uLhw=
-74,13,1VIA+FniHz6pCvgHvfOygMat54g=,ukLrqmzPzhY0CnJYd6pYHl/uLhw=
-67,9,1VIA+FniHz6pCvgHvfOygMat54g=,ukLrqmzPzhY0CnJYd6pYHl/uLhw=
-75,13,1VIA+FniHz6pCvgHvfOygMat54g=,ukLrqmzPzhY0CnJYd6pYHl/uLhw=
-68,9,1VIA+FniHz6pCvgHvfOygMat54g=,ukLrqmzPzhY0CnJYd6pYHl/uLhw=
-70,12,1VIA+FniHz6pCvgHvfOygMat54g=,ukLrqmzPzhY0CnJYd6pYHl/uLhw=
-71,12,1VIA+FniHz6pCvgHvfOygMat54g=,ukLrqmzPzhY0CnJYd6pYHl/uLhw=
-70,14,1VIA+FniHz6pCvgHvfOygMat54g=,ukLrqmzPzhY0CnJYd6pYHl/uLhw=
-73,14,1VIA+FniHz6pCvgHvfOygMat54g=,ukLrqmzPzhY0CnJYd6pYHl/uLhw=
-71,14,1VIA+FniHz6pCvgHvfOygMat54g=,ukLrqmzPzhY0CnJYd6pYHl/uLhw=
-72,14,1VIA+FniHz6pCvgHvfOygMat54g=,ukLrqmzPzhY0CnJYd6pYHl/uLhw=
-70,13,1VIA+FniHz6pCvgHvfOygMat54g=,ukLrqmzPzhY0CnJYd6pYHl/uLhw=
-65,10,1VIA+FniHz6pCvgHvfOygMat54g=,ukLrqmzPzhY0CnJYd6pYHl/uLhw=
-71,13,1VIA+FniHz6pCvgHvfOygMat54g=,ukLrqmzPzhY0CnJYd6pYHl/uLhw=
-65,9,1VIA+FniHz6pCvgHvfOygMat54g=,ukLrqmzPzhY0CnJYd6pYHl/uLhw=
-77,13,1VIA+FniHz6pCvgHvfOygMat54g=,ukLrqmzPzhY0CnJYd6pYHl/uLhw=
-72,13,1VIA+FniHz6pCvgHvfOygMat54g=,ukLrqmzPzhY0CnJYd6pYHl/uLhw=
-78,15,1VIA+FniHz6pCvgHvfOygMat54g=,ukLrqmzPzhY0CnJYd6pYHl/uLhw=
-73,13,1VIA+FniHz6pCvgHvfOygMat54g=,ukLrqmzPzhY0CnJYd6pYHl/uLhw=
-79,13,1VIA+FniHz6pCvgHvfOygMat54g=,ukLrqmzPzhY0CnJYd6pYHl/uLhw=
-77,15,1VIA+FniHz6pCvgHvfOygMat54g=,ukLrqmzPzhY0CnJYd6pYHl/uLhw=
-79,12,1VIA+FniHz6pCvgHvfOygMat54g=,ukLrqmzPzhY0CnJYd6pYHl/uLhw=
-74,15,1VIA+FniHz6pCvgHvfOygMat54g=,ukLrqmzPzhY0CnJYd6pYHl/uLhw=
-70,15,1VIA+FniHz6pCvgHvfOygMat54g=,ukLrqmzPzhY0CnJYd6pYHl/uLhw=
-77,14,1VIA+FniHz6pCvgHvfOygMat54g=,ukLrqmzPzhY0CnJYd6pYHl/uLhw=
-75,15,WsFp8hcv8buDSDbrv/erhQZzIC8=,ukLrqmzPzhY0CnJYd6pYHl/uLhw=
-71,15,WsFp8hcv8buDSDbrv/erhQZzIC8=,ukLrqmzPzhY0CnJYd6pYHl/uLhw=
-79,15,WsFp8hcv8buDSDbrv/erhQZzIC8=,ukLrqmzPzhY0CnJYd6pYHl/uLhw=
-72,15,WsFp8hcv8buDSDbrv/erhQZzIC8=,ukLrqmzPzhY0CnJYd6pYHl/uLhw=
-76,15,WsFp8hcv8buDSDbrv/erhQZzIC8=,ukLrqmzPzhY0CnJYd6pYHl/uLhw=
-65,11,WsFp8hcv8buDSDbrv/erhQZzIC8=,ukLrqmzPzhY0CnJYd6pYHl/uLhw=
-78,14,WsFp8hcv8buDSDbrv/erhQZzIC8=,ukLrqmzPzhY0CnJYd6pYHl/uLhw=
-73,15,WsFp8hcv8buDSDbrv/erhQZzIC8=,ukLrqmzPzhY0CnJYd6pYHl/uLhw=
-69,12,WsFp8hcv8buDSDbrv/erhQZzIC8=,ukLrqmzPzhY0CnJYd6pYHl/uLhw=
-65,15,WsFp8hcv8buDSDbrv/erhQZzIC8=,ukLrqmzPzhY0CnJYd6pYHl/uLhw=
-79,14,WsFp8hcv8buDSDbrv/erhQZzIC8=,ukLrqmzPzhY0CnJYd6pYHl/uLhw=
-66,8,WsFp8hcv8buDSDbrv/erhQZzIC8=,ukLrqmzPzhY0CnJYd6pYHl/uLhw=
-66,11,WsFp8hcv8buDSDbrv/erhQZzIC8=,ukLrqmzPzhY0CnJYd6pYHl/uLhw=
-65,8,WsFp8hcv8buDSDbrv/erhQZzIC8=,ukLrqmzPzhY0CnJYd6pYHl/uLhw=
-78,13,WsFp8hcv8buDSDbrv/erhQZzIC8=,ukLrqmzPzhY0CnJYd6pYHl/uLhw=
-67,8,WsFp8hcv8buDSDbrv/erhQZzIC8=,ukLrqmzPzhY0CnJYd6pYHl/uLhw=
-69,15,WsFp8hcv8buDSDbrv/erhQZzIC8=,ukLrqmzPzhY0CnJYd6pYHl/uLhw=
-76,14,WsFp8hcv8buDSDbrv/erhQZzIC8=,ukLrqmzPzhY0CnJYd6pYHl/uLhw=
-70,0,WsFp8hcv8buDSDbrv/erhQZzIC8=,a0kEodzHl9VXsfOfszl48oRqDtM=
-67,11,WsFp8hcv8buDSDbrv/erhQZzIC8=,ukLrqmzPzhY0CnJYd6pYHl/uLhw=
-76,13,WsFp8hcv8buDSDbrv/erhQZzIC8=,ukLrqmzPzhY0CnJYd6pYHl/uLhw=
-71,0,WsFp8hcv8buDSDbrv/erhQZzIC8=,a0kEodzHl9VXsfOfszl48oRqDtM=
-69,2,WsFp8hcv8buDSDbrv/erhQZzIC8=,a0kEodzHl9VXsfOfszl48oRqDtM=
-65,14,WsFp8hcv8buDSDbrv/erhQZzIC8=,ukLrqmzPzhY0CnJYd6pYHl/uLhw=
-70,2,WsFp8hcv8buDSDbrv/erhQZzIC8=,a0kEodzHl9VXsfOfszl48oRqDtM=
-80,13,WsFp8hcv8buDSDbrv/erhQZzIC8=,ukLrqmzPzhY0CnJYd6pYHl/uLhw=
-66,3,WsFp8hcv8buDSDbrv/erhQZzIC8=,uIRwMgxsh6DS1C9qz4yJimh1AX8=
-66,15,WsFp8hcv8buDSDbrv/erhQZzIC8=,ukLrqmzPzhY0CnJYd6pYHl/uLhw=
-71,2,WsFp8hcv8buDSDbrv/erhQZzIC8=,a0kEodzHl9VXsfOfszl48oRqDtM=
-78,12,WsFp8hcv8buDSDbrv/erhQZzIC8=,ukLrqmzPzhY0CnJYd6pYHl/uLhw=
-67,3,WsFp8hcv8buDSDbrv/erhQZzIC8=,uIRwMgxsh6DS1C9qz4yJimh1AX8=
-66,14,WsFp8hcv8buDSDbrv/erhQZzIC8=,ukLrqmzPzhY0CnJYd6pYHl/uLhw=
-80,14,WsFp8hcv8buDSDbrv/erhQZzIC8=,ukLrqmzPzhY0CnJYd6pYHl/uLhw=
-70,1,WsFp8hcv8buDSDbrv/erhQZzIC8=,a0kEodzHl9VXsfOfszl48oRqDtM=
-69,1,WsFp8hcv8buDSDbrv/erhQZzIC8=,a0kEodzHl9VXsfOfszl48oRqDtM=
-67,14,WsFp8hcv8buDSDbrv/erhQZzIC8=,ukLrqmzPzhY0CnJYd6pYHl/uLhw=
-71,1,WsFp8hcv8buDSDbrv/erhQZzIC8=,a0kEodzHl9VXsfOfszl48oRqDtM=
-75,2,WsFp8hcv8buDSDbrv/erhQZzIC8=,DjoYZ63z0I/XoL/nqF2BvbAYLFA=
-66,2,WsFp8hcv8buDSDbrv/erhQZzIC8=,uIRwMgxsh6DS1C9qz4yJimh1AX8=
-69,14,WsFp8hcv8buDSDbrv/erhQZzIC8=,ukLrqmzPzhY0CnJYd6pYHl/uLhw=
-73,2,WsFp8hcv8buDSDbrv/erhQZzIC8=,DjoYZ63z0I/XoL/nqF2BvbAYLFA=
-67,2,WsFp8hcv8buDSDbrv/erhQZzIC8=,uIRwMgxsh6DS1C9qz4yJimh1AX8=
-68,14,WsFp8hcv8buDSDbrv/erhQZzIC8=,ukLrqmzPzhY0CnJYd6pYHl/uLhw=
-75,1,WsFp8hcv8buDSDbrv/erhQZzIC8=,DjoYZ63z0I/XoL/nqF2BvbAYLFA=
-68,2,WsFp8hcv8buDSDbrv/erhQZzIC8=,uIRwMgxsh6DS1C9qz4yJimh1AX8=
-78,2,WsFp8hcv8buDSDbrv/erhQZzIC8=,SvOTmK4NhZdV8kj0sp1ns+Wmu5w=
-74,2,WsFp8hcv8buDSDbrv/erhQZzIC8=,DjoYZ63z0I/XoL/nqF2BvbAYLFA=
-65,13,WsFp8hcv8buDSDbrv/erhQZzIC8=,ukLrqmzPzhY0CnJYd6pYHl/uLhw=
-66,1,WsFp8hcv8buDSDbrv/erhQZzIC8=,uIRwMgxsh6DS1C9qz4yJimh1AX8=
-76,1,WsFp8hcv8buDSDbrv/erhQZzIC8=,DjoYZ63z0I/XoL/nqF2BvbAYLFA=
-72,2,WsFp8hcv8buDSDbrv/erhQZzIC8=,a0kEodzHl9VXsfOfszl48oRqDtM=
-66,13,WsFp8hcv8buDSDbrv/erhQZzIC8=,ukLrqmzPzhY0CnJYd6pYHl/uLhw=
-67,1,WsFp8hcv8buDSDbrv/erhQZzIC8=,uIRwMgxsh6DS1C9qz4yJimh1AX8=
-76,2,WsFp8hcv8buDSDbrv/erhQZzIC8=,DjoYZ63z0I/XoL/nqF2BvbAYLFA=
-67,13,WsFp8hcv8buDSDbrv/erhQZzIC8=,ukLrqmzPzhY0CnJYd6pYHl/uLhw=
-73,1,WsFp8hcv8buDSDbrv/erhQZzIC8=,DjoYZ63z0I/XoL/nqF2BvbAYLFA=
-68,1,WsFp8hcv8buDSDbrv/erhQZzIC8=,uIRwMgxsh6DS1C9qz4yJimh1AX8=
-79,1,WsFp8hcv8buDSDbrv/erhQZzIC8=,SvOTmK4NhZdV8kj0sp1ns+Wmu5w=
-74,1,WsFp8hcv8buDSDbrv/erhQZzIC8=,DjoYZ63z0I/XoL/nqF2BvbAYLFA=
-67,15,WsFp8hcv8buDSDbrv/erhQZzIC8=,ukLrqmzPzhY0CnJYd6pYHl/uLhw=
-78,3,WsFp8hcv8buDSDbrv/erhQZzIC8=,SvOTmK4NhZdV8kj0sp1ns+Wmu5w=
-79,2,WsFp8hcv8buDSDbrv/erhQZzIC8=,SvOTmK4NhZdV8kj0sp1ns+Wmu5w=
-72,1,WsFp8hcv8buDSDbrv/erhQZzIC8=,a0kEodzHl9VXsfOfszl48oRqDtM=
-69,13,WsFp8hcv8buDSDbrv/erhQZzIC8=,ukLrqmzPzhY0CnJYd6pYHl/uLhw=
-79,3,WsFp8hcv8buDSDbrv/erhQZzIC8=,SvOTmK4NhZdV8kj0sp1ns+Wmu5w=
-77,1,WsFp8hcv8buDSDbrv/erhQZzIC8=,SvOTmK4NhZdV8kj0sp1ns+Wmu5w=
-77,3,WsFp8hcv8buDSDbrv/erhQZzIC8=,SvOTmK4NhZdV8kj0sp1ns+Wmu5w=
-68,15,WsFp8hcv8buDSDbrv/erhQZzIC8=,ukLrqmzPzhY0CnJYd6pYHl/uLhw=
-69,0,WsFp8hcv8buDSDbrv/erhQZzIC8=,a0kEodzHl9VXsfOfszl48oRqDtM=
-77,2,WsFp8hcv8buDSDbrv/erhQZzIC8=,SvOTmK4NhZdV8kj0sp1ns+Wmu5w=
-74,3,WsFp8hcv8buDSDbrv/erhQZzIC8=,DjoYZ63z0I/XoL/nqF2BvbAYLFA=
-68,13,WsFp8hcv8buDSDbrv/erhQZzIC8=,ukLrqmzPzhY0CnJYd6pYHl/uLhw=
-67,0,WsFp8hcv8buDSDbrv/erhQZzIC8=,uIRwMgxsh6DS1C9qz4yJimh1AX8=
-78,1,WsFp8hcv8buDSDbrv/erhQZzIC8=,SvOTmK4NhZdV8kj0sp1ns+Wmu5w=
-65,12,WsFp8hcv8buDSDbrv/erhQZzIC8=,ukLrqmzPzhY0CnJYd6pYHl/uLhw=
-75,3,WsFp8hcv8buDSDbrv/erhQZzIC8=,DjoYZ63z0I/XoL/nqF2BvbAYLFA=
-68,0,WsFp8hcv8buDSDbrv/erhQZzIC8=,uIRwMgxsh6DS1C9qz4yJimh1AX8=
-65,3,WsFp8hcv8buDSDbrv/erhQZzIC8=,uIRwMgxsh6DS1C9qz4yJimh1AX8=
-76,3,WsFp8hcv8buDSDbrv/erhQZzIC8=,DjoYZ63z0I/XoL/nqF2BvbAYLFA=
-66,12,WsFp8hcv8buDSDbrv/erhQZzIC8=,ukLrqmzPzhY0CnJYd6pYHl/uLhw=
-66,0,WsFp8hcv8buDSDbrv/erhQZzIC8=,uIRwMgxsh6DS1C9qz4yJimh1AX8=
-65,2,9hs0dVakE8Lc/nC2ofuYw55Ogs8=,uIRwMgxsh6DS1C9qz4yJimh1AX8=
-67,12,9hs0dVakE8Lc/nC2ofuYw55Ogs8=,ukLrqmzPzhY0CnJYd6pYHl/uLhw=
-65,0,9hs0dVakE8Lc/nC2ofuYw55Ogs8=,uIRwMgxsh6DS1C9qz4yJimh1AX8=
-73,0,9hs0dVakE8Lc/nC2ofuYw55Ogs8=,DjoYZ63z0I/XoL/nqF2BvbAYLFA=
-65,1,9hs0dVakE8Lc/nC2ofuYw55Ogs8=,uIRwMgxsh6DS1C9qz4yJimh1AX8=
-79,0,9hs0dVakE8Lc/nC2ofuYw55Ogs8=,SvOTmK4NhZdV8kj0sp1ns+Wmu5w=
-68,12,9hs0dVakE8Lc/nC2ofuYw55Ogs8=,ukLrqmzPzhY0CnJYd6pYHl/uLhw=
-72,0,9hs0dVakE8Lc/nC2ofuYw55Ogs8=,a0kEodzHl9VXsfOfszl48oRqDtM=
-80,0,9hs0dVakE8Lc/nC2ofuYw55Ogs8=,SvOTmK4NhZdV8kj0sp1ns+Wmu5w=
-68,11,9hs0dVakE8Lc/nC2ofuYw55Ogs8=,ukLrqmzPzhY0CnJYd6pYHl/uLhw=
-77,0,9hs0dVakE8Lc/nC2ofuYw55Ogs8=,SvOTmK4NhZdV8kj0sp1ns+Wmu5w=
-74,0,9hs0dVakE8Lc/nC2ofuYw55Ogs8=,DjoYZ63z0I/XoL/nqF2BvbAYLFA=
-80,2,9hs0dVakE8Lc/nC2ofuYw55Ogs8=,SvOTmK4NhZdV8kj0sp1ns+Wmu5w=
-80,3,9hs0dVakE8Lc/nC2ofuYw55Ogs8=,SvOTmK4NhZdV8kj0sp1ns+Wmu5w=
-78,0,9hs0dVakE8Lc/nC2ofuYw55Ogs8=,SvOTmK4NhZdV8kj0sp1ns+Wmu5w=
-75,0,9hs0dVakE8Lc/nC2ofuYw55Ogs8=,DjoYZ63z0I/XoL/nqF2BvbAYLFA=
-80,1,9hs0dVakE8Lc/nC2ofuYw55Ogs8=,SvOTmK4NhZdV8kj0sp1ns+Wmu5w=
-76,0,9hs0dVakE8Lc/nC2ofuYw55Ogs8=,DjoYZ63z0I/XoL/nqF2BvbAYLFA=
-68,8,9hs0dVakE8Lc/nC2ofuYw55Ogs8=,ukLrqmzPzhY0CnJYd6pYHl/uLhw=
-80,12,9hs0dVakE8Lc/nC2ofuYw55Ogs8=,ukLrqmzPzhY0CnJYd6pYHl/uLhw=
-72,12,9hs0dVakE8Lc/nC2ofuYw55Ogs8=,ukLrqmzPzhY0CnJYd6pYHl/uLhw=
-68,3,9hs0dVakE8Lc/nC2ofuYw55Ogs8=,uIRwMgxsh6DS1C9qz4yJimh1AX8=
-80,15,9hs0dVakE8Lc/nC2ofuYw55Ogs8=,ukLrqmzPzhY0CnJYd6pYHl/uLhw=
-73,12,9hs0dVakE8Lc/nC2ofuYw55Ogs8=,ukLrqmzPzhY0CnJYd6pYHl/uLhw=
-73,3,9hs0dVakE8Lc/nC2ofuYw55Ogs8=,DjoYZ63z0I/XoL/nqF2BvbAYLFA=
-74,12,9hs0dVakE8Lc/nC2ofuYw55Ogs8=,ukLrqmzPzhY0CnJYd6pYHl/uLhw=
-69,3,9hs0dVakE8Lc/nC2ofuYw55Ogs8=,a0kEodzHl9VXsfOfszl48oRqDtM=
-75,12,9hs0dVakE8Lc/nC2ofuYw55Ogs8=,ukLrqmzPzhY0CnJYd6pYHl/uLhw=
-70,3,9hs0dVakE8Lc/nC2ofuYw55Ogs8=,a0kEodzHl9VXsfOfszl48oRqDtM=
-76,12,9hs0dVakE8Lc/nC2ofuYw55Ogs8=,ukLrqmzPzhY0CnJYd6pYHl/uLhw=
-71,3,9hs0dVakE8Lc/nC2ofuYw55Ogs8=,a0kEodzHl9VXsfOfszl48oRqDtM=
-77,12,9hs0dVakE8Lc/nC2ofuYw55Ogs8=,ukLrqmzPzhY0CnJYd6pYHl/uLhw=
-72,3,9hs0dVakE8Lc/nC2ofuYw55Ogs8=,a0kEodzHl9VXsfOfszl48oRqDtM=
