38,2,mc90qcbegiJSN5Vr9FdSkGj2PRY=,p/roGmk+S4dNuP226Y46ieA9auU=
38,1,mc90qcbegiJSN5Vr9FdSkGj2PRY=,p/roGmk+S4dNuP226Y46ieA9auU=
38,3,mc90qcbegiJSN5Vr9FdSkGj2PRY=,p/roGmk+S4dNuP226Y46ieA9auU=
37,2,lybEk2FHJnBfL2XnW/yRkPrBJ3Q=,p/roGmk+S4dNuP226Y46ieA9auU=
38,5,lybEk2FHJnBfL2XnW/yRkPrBJ3Q=,3EdWbsomYMCdQrnDSh0C8PRH6Ws=
37,1,lybEk2FHJnBfL2XnW/yRkPrBJ3Q=,p/roGmk+S4dNuP226Y46ieA9auU=
37,5,lybEk2FHJnBfL2XnW/yRkPrBJ3Q=,3EdWbsomYMCdQrnDSh0C8PRH6Ws=
38,4,lybEk2FHJnBfL2XnW/yRkPrBJ3Q=,3EdWbsomYMCdQrnDSh0C8PRH6Ws=
37,4,lybEk2FHJnBfL2XnW/yRkPrBJ3Q=,3EdWbsomYMCdQrnDSh0C8PRH6Ws=
38,6,lybEk2FHJnBfL2XnW/yRkPrBJ3Q=,3EdWbsomYMCdQrnDSh0C8PRH6Ws=
37,6,lybEk2FHJnBfL2XnW/yRkPrBJ3Q=,3EdWbsomYMCdQrnDSh0C8PRH6Ws=
37,3,lybEk2FHJnBfL2XnW/yRkPrBJ3Q=,p/roGmk+S4dNuP226Y46ieA9auU=
42,14,lybEk2FHJnBfL2XnW/yRkPrBJ3Q=,W0pg2m3gITdz3OHusn8SvTyX1Zw=
41,14,lybEk2FHJnBfL2XnW/yRkPrBJ3Q=,W0pg2m3gITdz3OHusn8SvTyX1Zw=
42,13,lybEk2FHJnBfL2XnW/yRkPrBJ3Q=,W0pg2m3gITdz3OHusn8SvTyX1Zw=
41,13,lybEk2FHJnBfL2XnW/yRkPrBJ3Q=,W0pg2m3gITdz3OHusn8SvTyX1Zw=
42,6,lybEk2FHJnBfL2XnW/yRkPrBJ3Q=,NlUe4p6JGPZ7bJbFRTd15jHBqsU=
39,6,lybEk2FHJnBfL2XnW/yRkPrBJ3Q=,3EdWbsomYMCdQrnDSh0C8PRH6Ws=
41,6,lybEk2FHJnBfL2XnW/yRkPrBJ3Q=,NlUe4p6JGPZ7bJbFRTd15jHBqsU=
39,5,lybEk2FHJnBfL2XnW/yRkPrBJ3Q=,3EdWbsomYMCdQrnDSh0C8PRH6Ws=
40,6,lybEk2FHJnBfL2XnW/yRkPrBJ3Q=,NlUe4p6JGPZ7bJbFRTd15jHBqsU=
39,1,lybEk2FHJnBfL2XnW/yRkPrBJ3Q=,p/roGmk+S4dNuP226Y46ieA9auU=
42,5,lybEk2FHJnBfL2XnW/yRkPrBJ3Q=,NlUe4p6JGPZ7bJbFRTd15jHBqsU=
39,2,lybEk2FHJnBfL2XnW/yRkPrBJ3Q=,p/roGmk+S4dNuP226Y46ieA9auU=
41,5,lybEk2FHJnBfL2XnW/yRkPrBJ3Q=,NlUe4p6JGPZ7bJbFRTd15jHBqsU=
42,2,lybEk2FHJnBfL2XnW/yRkPrBJ3Q=,iJw4qSypROjmJDFpnf9YNSGj2yQ=
41,12,lybEk2FHJnBfL2XnW/yRkPrBJ3Q=,W0pg2m3gITdz3OHusn8SvTyX1Zw=
46,10,lybEk2FHJnBfL2XnW/yRkPrBJ3Q=,bBjlWWP3KHUhh6UbjqBP2fRLC0I=
40,5,svWWlghiWR3bp5eo114/1KK318U=,NlUe4p6JGPZ7bJbFRTd15jHBqsU=
39,4,svWWlghiWR3bp5eo114/1KK318U=,3EdWbsomYMCdQrnDSh0C8PRH6Ws=
45,10,svWWlghiWR3bp5eo114/1KK318U=,bBjlWWP3KHUhh6UbjqBP2fRLC0I=
41,11,svWWlghiWR3bp5eo114/1KK318U=,W0pg2m3gITdz3OHusn8SvTyX1Zw=
43,10,svWWlghiWR3bp5eo114/1KK318U=,W0pg2m3gITdz3OHusn8SvTyX1Zw=
41,2,svWWlghiWR3bp5eo114/1KK318U=,iJw4qSypROjmJDFpnf9YNSGj2yQ=
41,9,svWWlghiWR3bp5eo114/1KK318U=,W0pg2m3gITdz3OHusn8SvTyX1Zw=
46,8,svWWlghiWR3bp5eo114/1KK318U=,bBjlWWP3KHUhh6UbjqBP2fRLC0I=
40,2,svWWlghiWR3bp5eo114/1KK318U=,iJw4qSypROjmJDFpnf9YNSGj2yQ=
42,10,svWWlghiWR3bp5eo114/1KK318U=,W0pg2m3gITdz3OHusn8SvTyX1Zw=
44,10,svWWlghiWR3bp5eo114/1KK318U=,bBjlWWP3KHUhh6UbjqBP2fRLC0I=
45,8,svWWlghiWR3bp5eo114/1KK318U=,bBjlWWP3KHUhh6UbjqBP2fRLC0I=
42,1,svWWlghiWR3bp5eo114/1KK318U=,iJw4qSypROjmJDFpnf9YNSGj2yQ=
46,9,svWWlghiWR3bp5eo114/1KK318U=,bBjlWWP3KHUhh6UbjqBP2fRLC0I=
42,7,svWWlghiWR3bp5eo114/1KK318U=,NlUe4p6JGPZ7bJbFRTd15jHBqsU=
44,8,svWWlghiWR3bp5eo114/1KK318U=,bBjlWWP3KHUhh6UbjqBP2fRLC0I=
39,3,svWWlghiWR3bp5eo114/1KK318U=,p/roGmk+S4dNuP226Y46ieA9auU=
42,8,svWWlghiWR3bp5eo114/1KK318U=,W0pg2m3gITdz3OHusn8SvTyX1Zw=
46,6,svWWlghiWR3bp5eo114/1KK318U=,bBjlWWP3KHUhh6UbjqBP2fRLC0I=
45,9,svWWlghiWR3bp5eo114/1KK318U=,bBjlWWP3KHUhh6UbjqBP2fRLC0I=
41,1,svWWlghiWR3bp5eo114/1KK318U=,iJw4qSypROjmJDFpnf9YNSGj2yQ=
41,8,svWWlghiWR3bp5eo114/1KK318U=,W0pg2m3gITdz3OHusn8SvTyX1Zw=
45,6,svWWlghiWR3bp5eo114/1KK318U=,bBjlWWP3KHUhh6UbjqBP2fRLC0I=
43,9,svWWlghiWR3bp5eo114/1KK318U=,W0pg2m3gITdz3OHusn8SvTyX1Zw=
40,1,svWWlghiWR3bp5eo114/1KK318U=,iJw4qSypROjmJDFpnf9YNSGj2yQ=
41,7,BL3rgPhVJHNpTmR/mETAmKvs56Q=,NlUe4p6JGPZ7bJbFRTd15jHBqsU=
44,9,BL3rgPhVJHNpTmR/mETAmKvs56Q=,bBjlWWP3KHUhh6UbjqBP2fRLC0I=
43,8,BL3rgPhVJHNpTmR/mETAmKvs56Q=,W0pg2m3gITdz3OHusn8SvTyX1Zw=
42,4,BL3rgPhVJHNpTmR/mETAmKvs56Q=,NlUe4p6JGPZ7bJbFRTd15jHBqsU=
41,10,BL3rgPhVJHNpTmR/mETAmKvs56Q=,W0pg2m3gITdz3OHusn8SvTyX1Zw=
43,7,BL3rgPhVJHNpTmR/mETAmKvs56Q=,NlUe4p6JGPZ7bJbFRTd15jHBqsU=
41,4,BL3rgPhVJHNpTmR/mETAmKvs56Q=,NlUe4p6JGPZ7bJbFRTd15jHBqsU=
43,2,BL3rgPhVJHNpTmR/mETAmKvs56Q=,iJw4qSypROjmJDFpnf9YNSGj2yQ=
42,12,BL3rgPhVJHNpTmR/mETAmKvs56Q=,W0pg2m3gITdz3OHusn8SvTyX1Zw=
44,6,bWISpeKArFphCyToVSPsOpScNX0=,bBjlWWP3KHUhh6UbjqBP2fRLC0I=
40,4,bWISpeKArFphCyToVSPsOpScNX0=,NlUe4p6JGPZ7bJbFRTd15jHBqsU=
43,1,bWISpeKArFphCyToVSPsOpScNX0=,iJw4qSypROjmJDFpnf9YNSGj2yQ=
42,9,bWISpeKArFphCyToVSPsOpScNX0=,W0pg2m3gITdz3OHusn8SvTyX1Zw=
46,5,bWISpeKArFphCyToVSPsOpScNX0=,bBjlWWP3KHUhh6UbjqBP2fRLC0I=
42,3,bWISpeKArFphCyToVSPsOpScNX0=,iJw4qSypROjmJDFpnf9YNSGj2yQ=
46,2,bWISpeKArFphCyToVSPsOpScNX0=,iJw4qSypROjmJDFpnf9YNSGj2yQ=
42,11,bWISpeKArFphCyToVSPsOpScNX0=,W0pg2m3gITdz3OHusn8SvTyX1Zw=
45,5,bWISpeKArFphCyToVSPsOpScNX0=,bBjlWWP3KHUhh6UbjqBP2fRLC0I=
41,3,bWISpeKArFphCyToVSPsOpScNX0=,iJw4qSypROjmJDFpnf9YNSGj2yQ=
45,2,bWISpeKArFphCyToVSPsOpScNX0=,iJw4qSypROjmJDFpnf9YNSGj2yQ=
47,2,bWISpeKArFphCyToVSPsOpScNX0=,iJw4qSypROjmJDFpnf9YNSGj2yQ=
40,3,bWISpeKArFphCyToVSPsOpScNX0=,iJw4qSypROjmJDFpnf9YNSGj2yQ=
43,6,bWISpeKArFphCyToVSPsOpScNX0=,NlUe4p6JGPZ7bJbFRTd15jHBqsU=
44,2,bWISpeKArFphCyToVSPsOpScNX0=,iJw4qSypROjmJDFpnf9YNSGj2yQ=
47,1,bWISpeKArFphCyToVSPsOpScNX0=,iJw4qSypROjmJDFpnf9YNSGj2yQ=
44,5,bWISpeKArFphCyToVSPsOpScNX0=,bBjlWWP3KHUhh6UbjqBP2fRLC0I=
46,1,bWISpeKArFphCyToVSPsOpScNX0=,iJw4qSypROjmJDFpnf9YNSGj2yQ=
36,5,bWISpeKArFphCyToVSPsOpScNX0=,3EdWbsomYMCdQrnDSh0C8PRH6Ws=
46,7,bWISpeKArFphCyToVSPsOpScNX0=,bBjlWWP3KHUhh6UbjqBP2fRLC0I=
36,6,bWISpeKArFphCyToVSPsOpScNX0=,3EdWbsomYMCdQrnDSh0C8PRH6Ws=
45,1,bWISpeKArFphCyToVSPsOpScNX0=,iJw4qSypROjmJDFpnf9YNSGj2yQ=
45,7,bWISpeKArFphCyToVSPsOpScNX0=,bBjlWWP3KHUhh6UbjqBP2fRLC0I=
36,3,bWISpeKArFphCyToVSPsOpScNX0=,p/roGmk+S4dNuP226Y46ieA9auU=
36,2,bWISpeKArFphCyToVSPsOpScNX0=,p/roGmk+S4dNuP226Y46ieA9auU=
44,1,bWISpeKArFphCyToVSPsOpScNX0=,iJw4qSypROjmJDFpnf9YNSGj2yQ=
43,5,bWISpeKArFphCyToVSPsOpScNX0=,NlUe4p6JGPZ7bJbFRTd15jHBqsU=
33,0,bWISpeKArFphCyToVSPsOpScNX0=,AeqqvBDZZmcnSCDx0OtKfYHDhKU=
35,3,bWISpeKArFphCyToVSPsOpScNX0=,AeqqvBDZZmcnSCDx0OtKfYHDhKU=
34,0,bWISpeKArFphCyToVSPsOpScNX0=,AeqqvBDZZmcnSCDx0OtKfYHDhKU=
44,7,bWISpeKArFphCyToVSPsOpScNX0=,bBjlWWP3KHUhh6UbjqBP2fRLC0I=
43,4,bWISpeKArFphCyToVSPsOpScNX0=,NlUe4p6JGPZ7bJbFRTd15jHBqsU=
34,1,O7zTiPOSbHAYevupXZ+woJCs3vI=,AeqqvBDZZmcnSCDx0OtKfYHDhKU=
38,0,O7zTiPOSbHAYevupXZ+woJCs3vI=,p/roGmk+S4dNuP226Y46ieA9auU=
46,4,O7zTiPOSbHAYevupXZ+woJCs3vI=,bBjlWWP3KHUhh6UbjqBP2fRLC0I=
42,0,O7zTiPOSbHAYevupXZ+woJCs3vI=,iJw4qSypROjmJDFpnf9YNSGj2yQ=
36,4,O7zTiPOSbHAYevupXZ+woJCs3vI=,3EdWbsomYMCdQrnDSh0C8PRH6Ws=
37,0,O7zTiPOSbHAYevupXZ+woJCs3vI=,p/roGmk+S4dNuP226Y46ieA9auU=
45,4,O7zTiPOSbHAYevupXZ+woJCs3vI=,bBjlWWP3KHUhh6UbjqBP2fRLC0I=
41,0,O7zTiPOSbHAYevupXZ+woJCs3vI=,iJw4qSypROjmJDFpnf9YNSGj2yQ=
44,4,O7zTiPOSbHAYevupXZ+woJCs3vI=,bBjlWWP3KHUhh6UbjqBP2fRLC0I=
36,0,O7zTiPOSbHAYevupXZ+woJCs3vI=,p/roGmk+S4dNuP226Y46ieA9auU=
34,3,O7zTiPOSbHAYevupXZ+woJCs3vI=,AeqqvBDZZmcnSCDx0OtKfYHDhKU=
40,0,O7zTiPOSbHAYevupXZ+woJCs3vI=,iJw4qSypROjmJDFpnf9YNSGj2yQ=
33,1,O7zTiPOSbHAYevupXZ+woJCs3vI=,AeqqvBDZZmcnSCDx0OtKfYHDhKU=
35,0,O7zTiPOSbHAYevupXZ+woJCs3vI=,AeqqvBDZZmcnSCDx0OtKfYHDhKU=
39,0,O7zTiPOSbHAYevupXZ+woJCs3vI=,p/roGmk+S4dNuP226Y46ieA9auU=
43,3,O7zTiPOSbHAYevupXZ+woJCs3vI=,iJw4qSypROjmJDFpnf9YNSGj2yQ=
35,2,O7zTiPOSbHAYevupXZ+woJCs3vI=,AeqqvBDZZmcnSCDx0OtKfYHDhKU=
46,3,O7zTiPOSbHAYevupXZ+woJCs3vI=,iJw4qSypROjmJDFpnf9YNSGj2yQ=
47,10,O7zTiPOSbHAYevupXZ+woJCs3vI=,bBjlWWP3KHUhh6UbjqBP2fRLC0I=
43,0,O7zTiPOSbHAYevupXZ+woJCs3vI=,iJw4qSypROjmJDFpnf9YNSGj2yQ=
36,1,O7zTiPOSbHAYevupXZ+woJCs3vI=,p/roGmk+S4dNuP226Y46ieA9auU=
45,3,O7zTiPOSbHAYevupXZ+woJCs3vI=,iJw4qSypROjmJDFpnf9YNSGj2yQ=
47,9,O7zTiPOSbHAYevupXZ+woJCs3vI=,bBjlWWP3KHUhh6UbjqBP2fRLC0I=
47,0,O7zTiPOSbHAYevupXZ+woJCs3vI=,iJw4qSypROjmJDFpnf9YNSGj2yQ=
35,1,O7zTiPOSbHAYevupXZ+woJCs3vI=,AeqqvBDZZmcnSCDx0OtKfYHDhKU=
44,3,O7zTiPOSbHAYevupXZ+woJCs3vI=,iJw4qSypROjmJDFpnf9YNSGj2yQ=
47,6,O7zTiPOSbHAYevupXZ+woJCs3vI=,bBjlWWP3KHUhh6UbjqBP2fRLC0I=
46,0,O7zTiPOSbHAYevupXZ+woJCs3vI=,iJw4qSypROjmJDFpnf9YNSGj2yQ=
33,3,O7zTiPOSbHAYevupXZ+woJCs3vI=,AeqqvBDZZmcnSCDx0OtKfYHDhKU=
45,0,O7zTiPOSbHAYevupXZ+woJCs3vI=,iJw4qSypROjmJDFpnf9YNSGj2yQ=
47,8,O7zTiPOSbHAYevupXZ+woJCs3vI=,bBjlWWP3KHUhh6UbjqBP2fRLC0I=
34,2,O7zTiPOSbHAYevupXZ+woJCs3vI=,AeqqvBDZZmcnSCDx0OtKfYHDhKU=
33,2,O7zTiPOSbHAYevupXZ+woJCs3vI=,AeqqvBDZZmcnSCDx0OtKfYHDhKU=
47,5,O7zTiPOSbHAYevupXZ+woJCs3vI=,bBjlWWP3KHUhh6UbjqBP2fRLC0I=
44,0,O7zTiPOSbHAYevupXZ+woJCs3vI=,iJw4qSypROjmJDFpnf9YNSGj2yQ=
37,13,O7zTiPOSbHAYevupXZ+woJCs3vI=,3EdWbsomYMCdQrnDSh0C8PRH6Ws=
47,3,O7zTiPOSbHAYevupXZ+woJCs3vI=,iJw4qSypROjmJDFpnf9YNSGj2yQ=
36,13,O7zTiPOSbHAYevupXZ+woJCs3vI=,3EdWbsomYMCdQrnDSh0C8PRH6Ws=
39,14,O7zTiPOSbHAYevupXZ+woJCs3vI=,3EdWbsomYMCdQrnDSh0C8PRH6Ws=
47,4,O7zTiPOSbHAYevupXZ+woJCs3vI=,bBjlWWP3KHUhh6UbjqBP2fRLC0I=
36,14,O7zTiPOSbHAYevupXZ+woJCs3vI=,3EdWbsomYMCdQrnDSh0C8PRH6Ws=
38,14,O7zTiPOSbHAYevupXZ+woJCs3vI=,3EdWbsomYMCdQrnDSh0C8PRH6Ws=
47,7,O7zTiPOSbHAYevupXZ+woJCs3vI=,bBjlWWP3KHUhh6UbjqBP2fRLC0I=
38,15,O7zTiPOSbHAYevupXZ+woJCs3vI=,3EdWbsomYMCdQrnDSh0C8PRH6Ws=
37,14,O7zTiPOSbHAYevupXZ+woJCs3vI=,3EdWbsomYMCdQrnDSh0C8PRH6Ws=
37,15,O7zTiPOSbHAYevupXZ+woJCs3vI=,3EdWbsomYMCdQrnDSh0C8PRH6Ws=
39,13,O7zTiPOSbHAYevupXZ+woJCs3vI=,3EdWbsomYMCdQrnDSh0C8PRH6Ws=
38,13,O7zTiPOSbHAYevupXZ+woJCs3vI=,3EdWbsomYMCdQrnDSh0C8PRH6Ws=
39,15,O7zTiPOSbHAYevupXZ+woJCs3vI=,3EdWbsomYMCdQrnDSh0C8PRH6Ws=
40,14,O7zTiPOSbHAYevupXZ+woJCs3vI=,W0pg2m3gITdz3OHusn8SvTyX1Zw=
42,15,O7zTiPOSbHAYevupXZ+woJCs3vI=,W0pg2m3gITdz3OHusn8SvTyX1Zw=
40,13,O7zTiPOSbHAYevupXZ+woJCs3vI=,W0pg2m3gITdz3OHusn8SvTyX1Zw=
41,15,O7zTiPOSbHAYevupXZ+woJCs3vI=,W0pg2m3gITdz3OHusn8SvTyX1Zw=
40,15,O7zTiPOSbHAYevupXZ+woJCs3vI=,W0pg2m3gITdz3OHusn8SvTyX1Zw=
36,15,O7zTiPOSbHAYevupXZ+woJCs3vI=,3EdWbsomYMCdQrnDSh0C8PRH6Ws=
32,1,O7zTiPOSbHAYevupXZ+woJCs3vI=,AeqqvBDZZmcnSCDx0OtKfYHDhKU=
32,0,Qs3x8KVx+9phw9bW0Exnn/cvrxI=,AeqqvBDZZmcnSCDx0OtKfYHDhKU=
47,12,Qs3x8KVx+9phw9bW0Exnn/cvrxI=,87MqI4neqKWcpU/BGbAwDAuUTLA=
32,3,Qs3x8KVx+9phw9bW0Exnn/cvrxI=,AeqqvBDZZmcnSCDx0OtKfYHDhKU=
46,12,Qs3x8KVx+9phw9bW0Exnn/cvrxI=,87MqI4neqKWcpU/BGbAwDAuUTLA=
32,2,Qs3x8KVx+9phw9bW0Exnn/cvrxI=,AeqqvBDZZmcnSCDx0OtKfYHDhKU=
45,12,Qs3x8KVx+9phw9bW0Exnn/cvrxI=,87MqI4neqKWcpU/BGbAwDAuUTLA=
47,15,Qs3x8KVx+9phw9bW0Exnn/cvrxI=,87MqI4neqKWcpU/BGbAwDAuUTLA=
46,15,Qs3x8KVx+9phw9bW0Exnn/cvrxI=,87MqI4neqKWcpU/BGbAwDAuUTLA=
45,15,Qs3x8KVx+9phw9bW0Exnn/cvrxI=,87MqI4neqKWcpU/BGbAwDAuUTLA=
44,12,Qs3x8KVx+9phw9bW0Exnn/cvrxI=,87MqI4neqKWcpU/BGbAwDAuUTLA=
39,12,Qs3x8KVx+9phw9bW0Exnn/cvrxI=,3EdWbsomYMCdQrnDSh0C8PRH6Ws=
44,15,Qs3x8KVx+9phw9bW0Exnn/cvrxI=,87MqI4neqKWcpU/BGbAwDAuUTLA=
37,9,Qs3x8KVx+9phw9bW0Exnn/cvrxI=,3EdWbsomYMCdQrnDSh0C8PRH6Ws=
47,14,Qs3x8KVx+9phw9bW0Exnn/cvrxI=,87MqI4neqKWcpU/BGbAwDAuUTLA=
38,12,Qs3x8KVx+9phw9bW0Exnn/cvrxI=,3EdWbsomYMCdQrnDSh0C8PRH6Ws=
40,11,Qs3x8KVx+9phw9bW0Exnn/cvrxI=,W0pg2m3gITdz3OHusn8SvTyX1Zw=
43,15,Qs3x8KVx+9phw9bW0Exnn/cvrxI=,W0pg2m3gITdz3OHusn8SvTyX1Zw=
46,14,Qs3x8KVx+9phw9bW0Exnn/cvrxI=,87MqI4neqKWcpU/BGbAwDAuUTLA=
36,9,Qs3x8KVx+9phw9bW0Exnn/cvrxI=,3EdWbsomYMCdQrnDSh0C8PRH6Ws=
43,12,Qs3x8KVx+9phw9bW0Exnn/cvrxI=,W0pg2m3gITdz3OHusn8SvTyX1Zw=
39,8,Qs3x8KVx+9phw9bW0Exnn/cvrxI=,3EdWbsomYMCdQrnDSh0C8PRH6Ws=
45,14,Qs3x8KVx+9phw9bW0Exnn/cvrxI=,87MqI4neqKWcpU/BGbAwDAuUTLA=
38,8,Qs3x8KVx+9phw9bW0Exnn/cvrxI=,3EdWbsomYMCdQrnDSh0C8PRH6Ws=
43,14,Qs3x8KVx+9phw9bW0Exnn/cvrxI=,W0pg2m3gITdz3OHusn8SvTyX1Zw=
37,12,Qs3x8KVx+9phw9bW0Exnn/cvrxI=,3EdWbsomYMCdQrnDSh0C8PRH6Ws=
44,14,Qs3x8KVx+9phw9bW0Exnn/cvrxI=,87MqI4neqKWcpU/BGbAwDAuUTLA=
37,8,Qs3x8KVx+9phw9bW0Exnn/cvrxI=,3EdWbsomYMCdQrnDSh0C8PRH6Ws=
36,8,Qs3x8KVx+9phw9bW0Exnn/cvrxI=,3EdWbsomYMCdQrnDSh0C8PRH6Ws=
47,11,Qs3x8KVx+9phw9bW0Exnn/cvrxI=,bBjlWWP3KHUhh6UbjqBP2fRLC0I=
43,13,Qs3x8KVx+9phw9bW0Exnn/cvrxI=,W0pg2m3gITdz3OHusn8SvTyX1Zw=
40,9,Qs3x8KVx+9phw9bW0Exnn/cvrxI=,W0pg2m3gITdz3OHusn8SvTyX1Zw=
47,13,Qs3x8KVx+9phw9bW0Exnn/cvrxI=,87MqI4neqKWcpU/BGbAwDAuUTLA=
36,12,Qs3x8KVx+9phw9bW0Exnn/cvrxI=,3EdWbsomYMCdQrnDSh0C8PRH6Ws=
43,11,Qs3x8KVx+9phw9bW0Exnn/cvrxI=,W0pg2m3gITdz3OHusn8SvTyX1Zw=
46,11,Qs3x8KVx+9phw9bW0Exnn/cvrxI=,bBjlWWP3KHUhh6UbjqBP2fRLC0I=
40,8,Qs3x8KVx+9phw9bW0Exnn/cvrxI=,W0pg2m3gITdz3OHusn8SvTyX1Zw=
46,13,Qs3x8KVx+9phw9bW0Exnn/cvrxI=,87MqI4neqKWcpU/BGbAwDAuUTLA=
40,7,Qs3x8KVx+9phw9bW0Exnn/cvrxI=,NlUe4p6JGPZ7bJbFRTd15jHBqsU=
45,11,Qs3x8KVx+9phw9bW0Exnn/cvrxI=,bBjlWWP3KHUhh6UbjqBP2fRLC0I=
39,11,Qs3x8KVx+9phw9bW0Exnn/cvrxI=,3EdWbsomYMCdQrnDSh0C8PRH6Ws=
45,13,Qs3x8KVx+9phw9bW0Exnn/cvrxI=,87MqI4neqKWcpU/BGbAwDAuUTLA=
40,12,Qs3x8KVx+9phw9bW0Exnn/cvrxI=,W0pg2m3gITdz3OHusn8SvTyX1Zw=
38,7,Qs3x8KVx+9phw9bW0Exnn/cvrxI=,3EdWbsomYMCdQrnDSh0C8PRH6Ws=
44,11,Qs3x8KVx+9phw9bW0Exnn/cvrxI=,bBjlWWP3KHUhh6UbjqBP2fRLC0I=
44,13,Qs3x8KVx+9phw9bW0Exnn/cvrxI=,87MqI4neqKWcpU/BGbAwDAuUTLA=
38,11,Qs3x8KVx+9phw9bW0Exnn/cvrxI=,3EdWbsomYMCdQrnDSh0C8PRH6Ws=
37,11,Qs3x8KVx+9phw9bW0Exnn/cvrxI=,3EdWbsomYMCdQrnDSh0C8PRH6Ws=
36,11,Qs3x8KVx+9phw9bW0Exnn/cvrxI=,3EdWbsomYMCdQrnDSh0C8PRH6Ws=
37,7,Qs3x8KVx+9phw9bW0Exnn/cvrxI=,3EdWbsomYMCdQrnDSh0C8PRH6Ws=
39,10,Qs3x8KVx+9phw9bW0Exnn/cvrxI=,3EdWbsomYMCdQrnDSh0C8PRH6Ws=
38,10,Qs3x8KVx+9phw9bW0Exnn/cvrxI=,3EdWbsomYMCdQrnDSh0C8PRH6Ws=
36,7,Qs3x8KVx+9phw9bW0Exnn/cvrxI=,3EdWbsomYMCdQrnDSh0C8PRH6Ws=
37,10,fLnQlDsLEKtnGl98S0G/m2TEeQk=,3EdWbsomYMCdQrnDSh0C8PRH6Ws=
36,10,fLnQlDsLEKtnGl98S0G/m2TEeQk=,3EdWbsomYMCdQrnDSh0C8PRH6Ws=
40,10,fLnQlDsLEKtnGl98S0G/m2TEeQk=,W0pg2m3gITdz3OHusn8SvTyX1Zw=
39,9,fLnQlDsLEKtnGl98S0G/m2TEeQk=,3EdWbsomYMCdQrnDSh0C8PRH6Ws=
38,9,fLnQlDsLEKtnGl98S0G/m2TEeQk=,3EdWbsomYMCdQrnDSh0C8PRH6Ws=
39,7,fLnQlDsLEKtnGl98S0G/m2TEeQk=,3EdWbsomYMCdQrnDSh0C8PRH6Ws=
58,6,5KTxoKu8m+3iDctnARps0DgOQsQ=,f76RVo8gYdjoV/mK8BHe1fDEwWM=
62,6,/oo3D9GyEXi7vgtQvwtnFjL83aQ=,XwqanDJgDU2tUR2OrxNPFGx07j4=
57,6,/oo3D9GyEXi7vgtQvwtnFjL83aQ=,f76RVo8gYdjoV/mK8BHe1fDEwWM=
61,6,/oo3D9GyEXi7vgtQvwtnFjL83aQ=,XwqanDJgDU2tUR2OrxNPFGx07j4=
58,5,/oo3D9GyEXi7vgtQvwtnFjL83aQ=,f76RVo8gYdjoV/mK8BHe1fDEwWM=
59,6,/oo3D9GyEXi7vgtQvwtnFjL83aQ=,f76RVo8gYdjoV/mK8BHe1fDEwWM=
57,5,/oo3D9GyEXi7vgtQvwtnFjL83aQ=,f76RVo8gYdjoV/mK8BHe1fDEwWM=
60,6,/oo3D9GyEXi7vgtQvwtnFjL83aQ=,XwqanDJgDU2tUR2OrxNPFGx07j4=
59,5,/oo3D9GyEXi7vgtQvwtnFjL83aQ=,f76RVo8gYdjoV/mK8BHe1fDEwWM=
62,5,/oo3D9GyEXi7vgtQvwtnFjL83aQ=,XwqanDJgDU2tUR2OrxNPFGx07j4=
61,5,/oo3D9GyEXi7vgtQvwtnFjL83aQ=,XwqanDJgDU2tUR2OrxNPFGx07j4=
60,5,/oo3D9GyEXi7vgtQvwtnFjL83aQ=,XwqanDJgDU2tUR2OrxNPFGx07j4=
55,5,/oo3D9GyEXi7vgtQvwtnFjL83aQ=,m91jhsGoMdeZMcLlkpD5X2kSQGA=
53,5,/oo3D9GyEXi7vgtQvwtnFjL83aQ=,m91jhsGoMdeZMcLlkpD5X2kSQGA=
54,5,/oo3D9GyEXi7vgtQvwtnFjL83aQ=,m91jhsGoMdeZMcLlkpD5X2kSQGA=
56,6,/oo3D9GyEXi7vgtQvwtnFjL83aQ=,f76RVo8gYdjoV/mK8BHe1fDEwWM=
55,6,/oo3D9GyEXi7vgtQvwtnFjL83aQ=,m91jhsGoMdeZMcLlkpD5X2kSQGA=
56,5,/oo3D9GyEXi7vgtQvwtnFjL83aQ=,f76RVo8gYdjoV/mK8BHe1fDEwWM=
54,6,/oo3D9GyEXi7vgtQvwtnFjL83aQ=,m91jhsGoMdeZMcLlkpD5X2kSQGA=
53,6,/oo3D9GyEXi7vgtQvwtnFjL83aQ=,m91jhsGoMdeZMcLlkpD5X2kSQGA=
58,9,/oo3D9GyEXi7vgtQvwtnFjL83aQ=,f76RVo8gYdjoV/mK8BHe1fDEwWM=
57,9,/oo3D9GyEXi7vgtQvwtnFjL83aQ=,f76RVo8gYdjoV/mK8BHe1fDEwWM=
57,10,/oo3D9GyEXi7vgtQvwtnFjL83aQ=,f76RVo8gYdjoV/mK8BHe1fDEwWM=
58,7,/oo3D9GyEXi7vgtQvwtnFjL83aQ=,f76RVo8gYdjoV/mK8BHe1fDEwWM=
57,7,/oo3D9GyEXi7vgtQvwtnFjL83aQ=,f76RVo8gYdjoV/mK8BHe1fDEwWM=
58,8,/oo3D9GyEXi7vgtQvwtnFjL83aQ=,f76RVo8gYdjoV/mK8BHe1fDEwWM=
57,8,/oo3D9GyEXi7vgtQvwtnFjL83aQ=,f76RVo8gYdjoV/mK8BHe1fDEwWM=
55,10,/oo3D9GyEXi7vgtQvwtnFjL83aQ=,m91jhsGoMdeZMcLlkpD5X2kSQGA=
59,9,/oo3D9GyEXi7vgtQvwtnFjL83aQ=,f76RVo8gYdjoV/mK8BHe1fDEwWM=
49,10,/oo3D9GyEXi7vgtQvwtnFjL83aQ=,5MVQNuHcb+4OFrAGh1Fh6+piV9w=
58,10,Qel25SBDYl2hjMLX+jNWDtz5KNE=,f76RVo8gYdjoV/mK8BHe1fDEwWM=
62,10,Qel25SBDYl2hjMLX+jNWDtz5KNE=,XwqanDJgDU2tUR2OrxNPFGx07j4=
54,10,Qel25SBDYl2hjMLX+jNWDtz5KNE=,m91jhsGoMdeZMcLlkpD5X2kSQGA=
51,9,Qel25SBDYl2hjMLX+jNWDtz5KNE=,5MVQNuHcb+4OFrAGh1Fh6+piV9w=
52,10,Qel25SBDYl2hjMLX+jNWDtz5KNE=,m91jhsGoMdeZMcLlkpD5X2kSQGA=
62,8,Qel25SBDYl2hjMLX+jNWDtz5KNE=,XwqanDJgDU2tUR2OrxNPFGx07j4=
53,10,Qel25SBDYl2hjMLX+jNWDtz5KNE=,m91jhsGoMdeZMcLlkpD5X2kSQGA=
51,8,Qel25SBDYl2hjMLX+jNWDtz5KNE=,5MVQNuHcb+4OFrAGh1Fh6+piV9w=
51,7,Qel25SBDYl2hjMLX+jNWDtz5KNE=,5MVQNuHcb+4OFrAGh1Fh6+piV9w=
61,8,Qel25SBDYl2hjMLX+jNWDtz5KNE=,XwqanDJgDU2tUR2OrxNPFGx07j4=
52,9,Qel25SBDYl2hjMLX+jNWDtz5KNE=,m91jhsGoMdeZMcLlkpD5X2kSQGA=
55,9,Qel25SBDYl2hjMLX+jNWDtz5KNE=,m91jhsGoMdeZMcLlkpD5X2kSQGA=
56,9,Qel25SBDYl2hjMLX+jNWDtz5KNE=,f76RVo8gYdjoV/mK8BHe1fDEwWM=
51,10,Qel25SBDYl2hjMLX+jNWDtz5KNE=,5MVQNuHcb+4OFrAGh1Fh6+piV9w=
50,8,Qel25SBDYl2hjMLX+jNWDtz5KNE=,5MVQNuHcb+4OFrAGh1Fh6+piV9w=
60,8,Qel25SBDYl2hjMLX+jNWDtz5KNE=,XwqanDJgDU2tUR2OrxNPFGx07j4=
50,7,Qel25SBDYl2hjMLX+jNWDtz5KNE=,5MVQNuHcb+4OFrAGh1Fh6+piV9w=
50,9,Qel25SBDYl2hjMLX+jNWDtz5KNE=,5MVQNuHcb+4OFrAGh1Fh6+piV9w=
54,9,Qel25SBDYl2hjMLX+jNWDtz5KNE=,m91jhsGoMdeZMcLlkpD5X2kSQGA=
59,8,Qel25SBDYl2hjMLX+jNWDtz5KNE=,f76RVo8gYdjoV/mK8BHe1fDEwWM=
51,6,Qel25SBDYl2hjMLX+jNWDtz5KNE=,5MVQNuHcb+4OFrAGh1Fh6+piV9w=
53,9,Qel25SBDYl2hjMLX+jNWDtz5KNE=,m91jhsGoMdeZMcLlkpD5X2kSQGA=
49,9,Qel25SBDYl2hjMLX+jNWDtz5KNE=,5MVQNuHcb+4OFrAGh1Fh6+piV9w=
59,7,Qel25SBDYl2hjMLX+jNWDtz5KNE=,f76RVo8gYdjoV/mK8BHe1fDEwWM=
49,7,Xeawx0a/63cNrFdF6+jWyehHg3I=,5MVQNuHcb+4OFrAGh1Fh6+piV9w=
50,10,Xeawx0a/63cNrFdF6+jWyehHg3I=,5MVQNuHcb+4OFrAGh1Fh6+piV9w=
55,8,Xeawx0a/63cNrFdF6+jWyehHg3I=,m91jhsGoMdeZMcLlkpD5X2kSQGA=
61,10,Xeawx0a/63cNrFdF6+jWyehHg3I=,XwqanDJgDU2tUR2OrxNPFGx07j4=
49,8,Xeawx0a/63cNrFdF6+jWyehHg3I=,5MVQNuHcb+4OFrAGh1Fh6+piV9w=
50,4,Xeawx0a/63cNrFdF6+jWyehHg3I=,5MVQNuHcb+4OFrAGh1Fh6+piV9w=
54,8,Xeawx0a/63cNrFdF6+jWyehHg3I=,m91jhsGoMdeZMcLlkpD5X2kSQGA=
62,7,Xeawx0a/63cNrFdF6+jWyehHg3I=,XwqanDJgDU2tUR2OrxNPFGx07j4=
52,8,Xeawx0a/63cNrFdF6+jWyehHg3I=,m91jhsGoMdeZMcLlkpD5X2kSQGA=
56,10,Xeawx0a/63cNrFdF6+jWyehHg3I=,f76RVo8gYdjoV/mK8BHe1fDEwWM=
49,4,Xeawx0a/63cNrFdF6+jWyehHg3I=,5MVQNuHcb+4OFrAGh1Fh6+piV9w=
61,7,Xeawx0a/63cNrFdF6+jWyehHg3I=,XwqanDJgDU2tUR2OrxNPFGx07j4=
51,5,Xeawx0a/63cNrFdF6+jWyehHg3I=,5MVQNuHcb+4OFrAGh1Fh6+piV9w=
63,6,Xeawx0a/63cNrFdF6+jWyehHg3I=,XwqanDJgDU2tUR2OrxNPFGx07j4=
53,8,Xeawx0a/63cNrFdF6+jWyehHg3I=,m91jhsGoMdeZMcLlkpD5X2kSQGA=
60,10,Xeawx0a/63cNrFdF6+jWyehHg3I=,XwqanDJgDU2tUR2OrxNPFGx07j4=
49,5,Xeawx0a/63cNrFdF6+jWyehHg3I=,5MVQNuHcb+4OFrAGh1Fh6+piV9w=
63,5,Xeawx0a/63cNrFdF6+jWyehHg3I=,XwqanDJgDU2tUR2OrxNPFGx07j4=
55,7,Xeawx0a/63cNrFdF6+jWyehHg3I=,m91jhsGoMdeZMcLlkpD5X2kSQGA=
60,7,Xeawx0a/63cNrFdF6+jWyehHg3I=,XwqanDJgDU2tUR2OrxNPFGx07j4=
52,7,Xeawx0a/63cNrFdF6+jWyehHg3I=,m91jhsGoMdeZMcLlkpD5X2kSQGA=
54,7,Xeawx0a/63cNrFdF6+jWyehHg3I=,m91jhsGoMdeZMcLlkpD5X2kSQGA=
63,8,Xeawx0a/63cNrFdF6+jWyehHg3I=,XwqanDJgDU2tUR2OrxNPFGx07j4=
62,9,Xeawx0a/63cNrFdF6+jWyehHg3I=,XwqanDJgDU2tUR2OrxNPFGx07j4=
52,5,Xeawx0a/63cNrFdF6+jWyehHg3I=,m91jhsGoMdeZMcLlkpD5X2kSQGA=
56,7,Xeawx0a/63cNrFdF6+jWyehHg3I=,f76RVo8gYdjoV/mK8BHe1fDEwWM=
63,10,Xeawx0a/63cNrFdF6+jWyehHg3I=,XwqanDJgDU2tUR2OrxNPFGx07j4=
61,9,Xeawx0a/63cNrFdF6+jWyehHg3I=,XwqanDJgDU2tUR2OrxNPFGx07j4=
49,6,Xeawx0a/63cNrFdF6+jWyehHg3I=,5MVQNuHcb+4OFrAGh1Fh6+piV9w=
53,7,Xeawx0a/63cNrFdF6+jWyehHg3I=,m91jhsGoMdeZMcLlkpD5X2kSQGA=
63,7,Xeawx0a/63cNrFdF6+jWyehHg3I=,XwqanDJgDU2tUR2OrxNPFGx07j4=
59,10,Xeawx0a/63cNrFdF6+jWyehHg3I=,f76RVo8gYdjoV/mK8BHe1fDEwWM=
50,6,Xeawx0a/63cNrFdF6+jWyehHg3I=,5MVQNuHcb+4OFrAGh1Fh6+piV9w=
56,8,t/CzksjllTkORRhhNWbFoB2jyg4=,f76RVo8gYdjoV/mK8BHe1fDEwWM=
63,9,t/CzksjllTkORRhhNWbFoB2jyg4=,XwqanDJgDU2tUR2OrxNPFGx07j4=
60,9,t/CzksjllTkORRhhNWbFoB2jyg4=,XwqanDJgDU2tUR2OrxNPFGx07j4=
50,5,t/CzksjllTkORRhhNWbFoB2jyg4=,5MVQNuHcb+4OFrAGh1Fh6+piV9w=
58,11,t/CzksjllTkORRhhNWbFoB2jyg4=,f76RVo8gYdjoV/mK8BHe1fDEwWM=
62,14,t/CzksjllTkORRhhNWbFoB2jyg4=,XwqanDJgDU2tUR2OrxNPFGx07j4=
52,6,t/CzksjllTkORRhhNWbFoB2jyg4=,m91jhsGoMdeZMcLlkpD5X2kSQGA=
63,14,t/CzksjllTkORRhhNWbFoB2jyg4=,XwqanDJgDU2tUR2OrxNPFGx07j4=
61,14,t/CzksjllTkORRhhNWbFoB2jyg4=,XwqanDJgDU2tUR2OrxNPFGx07j4=
62,15,t/CzksjllTkORRhhNWbFoB2jyg4=,XwqanDJgDU2tUR2OrxNPFGx07j4=
57,11,t/CzksjllTkORRhhNWbFoB2jyg4=,f76RVo8gYdjoV/mK8BHe1fDEwWM=
63,13,t/CzksjllTkORRhhNWbFoB2jyg4=,XwqanDJgDU2tUR2OrxNPFGx07j4=
61,15,t/CzksjllTkORRhhNWbFoB2jyg4=,XwqanDJgDU2tUR2OrxNPFGx07j4=
60,14,t/CzksjllTkORRhhNWbFoB2jyg4=,XwqanDJgDU2tUR2OrxNPFGx07j4=
55,11,t/CzksjllTkORRhhNWbFoB2jyg4=,m91jhsGoMdeZMcLlkpD5X2kSQGA=
63,12,t/CzksjllTkORRhhNWbFoB2jyg4=,XwqanDJgDU2tUR2OrxNPFGx07j4=
53,4,t/CzksjllTkORRhhNWbFoB2jyg4=,m91jhsGoMdeZMcLlkpD5X2kSQGA=
62,13,t/CzksjllTkORRhhNWbFoB2jyg4=,XwqanDJgDU2tUR2OrxNPFGx07j4=
54,11,t/CzksjllTkORRhhNWbFoB2jyg4=,m91jhsGoMdeZMcLlkpD5X2kSQGA=
63,11,t/CzksjllTkORRhhNWbFoB2jyg4=,XwqanDJgDU2tUR2OrxNPFGx07j4=
61,13,t/CzksjllTkORRhhNWbFoB2jyg4=,XwqanDJgDU2tUR2OrxNPFGx07j4=
52,4,t/CzksjllTkORRhhNWbFoB2jyg4=,m91jhsGoMdeZMcLlkpD5X2kSQGA=
53,11,t/CzksjllTkORRhhNWbFoB2jyg4=,m91jhsGoMdeZMcLlkpD5X2kSQGA=
52,11,t/CzksjllTkORRhhNWbFoB2jyg4=,m91jhsGoMdeZMcLlkpD5X2kSQGA=
60,13,t/CzksjllTkORRhhNWbFoB2jyg4=,XwqanDJgDU2tUR2OrxNPFGx07j4=
51,4,t/CzksjllTkORRhhNWbFoB2jyg4=,5MVQNuHcb+4OFrAGh1Fh6+piV9w=
56,11,t/CzksjllTkORRhhNWbFoB2jyg4=,f76RVo8gYdjoV/mK8BHe1fDEwWM=
51,11,t/CzksjllTkORRhhNWbFoB2jyg4=,5MVQNuHcb+4OFrAGh1Fh6+piV9w=
62,12,t/CzksjllTkORRhhNWbFoB2jyg4=,XwqanDJgDU2tUR2OrxNPFGx07j4=
54,4,t/CzksjllTkORRhhNWbFoB2jyg4=,m91jhsGoMdeZMcLlkpD5X2kSQGA=
50,12,t/CzksjllTkORRhhNWbFoB2jyg4=,87MqI4neqKWcpU/BGbAwDAuUTLA=
48,13,t/CzksjllTkORRhhNWbFoB2jyg4=,87MqI4neqKWcpU/BGbAwDAuUTLA=
61,12,t/CzksjllTkORRhhNWbFoB2jyg4=,XwqanDJgDU2tUR2OrxNPFGx07j4=
48,14,t/CzksjllTkORRhhNWbFoB2jyg4=,87MqI4neqKWcpU/BGbAwDAuUTLA=
50,11,t/CzksjllTkORRhhNWbFoB2jyg4=,5MVQNuHcb+4OFrAGh1Fh6+piV9w=
48,10,t/CzksjllTkORRhhNWbFoB2jyg4=,5MVQNuHcb+4OFrAGh1Fh6+piV9w=
60,12,t/CzksjllTkORRhhNWbFoB2jyg4=,XwqanDJgDU2tUR2OrxNPFGx07j4=
49,11,t/CzksjllTkORRhhNWbFoB2jyg4=,5MVQNuHcb+4OFrAGh1Fh6+piV9w=
48,7,t/CzksjllTkORRhhNWbFoB2jyg4=,5MVQNuHcb+4OFrAGh1Fh6+piV9w=
48,11,t/CzksjllTkORRhhNWbFoB2jyg4=,5MVQNuHcb+4OFrAGh1Fh6+piV9w=
59,11,t/CzksjllTkORRhhNWbFoB2jyg4=,f76RVo8gYdjoV/mK8BHe1fDEwWM=
51,12,t/CzksjllTkORRhhNWbFoB2jyg4=,87MqI4neqKWcpU/BGbAwDAuUTLA=
48,5,t/CzksjllTkORRhhNWbFoB2jyg4=,5MVQNuHcb+4OFrAGh1Fh6+piV9w=
48,9,t/CzksjllTkORRhhNWbFoB2jyg4=,5MVQNuHcb+4OFrAGh1Fh6+piV9w=
62,11,t/CzksjllTkORRhhNWbFoB2jyg4=,XwqanDJgDU2tUR2OrxNPFGx07j4=
51,14,t/CzksjllTkORRhhNWbFoB2jyg4=,87MqI4neqKWcpU/BGbAwDAuUTLA=
48,6,t/CzksjllTkORRhhNWbFoB2jyg4=,5MVQNuHcb+4OFrAGh1Fh6+piV9w=
48,12,t/CzksjllTkORRhhNWbFoB2jyg4=,87MqI4neqKWcpU/BGbAwDAuUTLA=
61,11,t/CzksjllTkORRhhNWbFoB2jyg4=,XwqanDJgDU2tUR2OrxNPFGx07j4=
50,14,t/CzksjllTkORRhhNWbFoB2jyg4=,87MqI4neqKWcpU/BGbAwDAuUTLA=
48,8,t/CzksjllTkORRhhNWbFoB2jyg4=,5MVQNuHcb+4OFrAGh1Fh6+piV9w=
48,4,t/CzksjllTkORRhhNWbFoB2jyg4=,5MVQNuHcb+4OFrAGh1Fh6+piV9w=
60,11,t/CzksjllTkORRhhNWbFoB2jyg4=,XwqanDJgDU2tUR2OrxNPFGx07j4=
49,14,t/CzksjllTkORRhhNWbFoB2jyg4=,87MqI4neqKWcpU/BGbAwDAuUTLA=
62,4,t/CzksjllTkORRhhNWbFoB2jyg4=,XwqanDJgDU2tUR2OrxNPFGx07j4=
63,4,t/CzksjllTkORRhhNWbFoB2jyg4=,XwqanDJgDU2tUR2OrxNPFGx07j4=
57,4,t/CzksjllTkORRhhNWbFoB2jyg4=,f76RVo8gYdjoV/mK8BHe1fDEwWM=
49,12,t/CzksjllTkORRhhNWbFoB2jyg4=,87MqI4neqKWcpU/BGbAwDAuUTLA=
61,4,t/CzksjllTkORRhhNWbFoB2jyg4=,XwqanDJgDU2tUR2OrxNPFGx07j4=
50,15,t/CzksjllTkORRhhNWbFoB2jyg4=,87MqI4neqKWcpU/BGbAwDAuUTLA=
56,4,t/CzksjllTkORRhhNWbFoB2jyg4=,f76RVo8gYdjoV/mK8BHe1fDEwWM=
51,13,t/CzksjllTkORRhhNWbFoB2jyg4=,87MqI4neqKWcpU/BGbAwDAuUTLA=
51,15,t/CzksjllTkORRhhNWbFoB2jyg4=,87MqI4neqKWcpU/BGbAwDAuUTLA=
49,15,t/CzksjllTkORRhhNWbFoB2jyg4=,87MqI4neqKWcpU/BGbAwDAuUTLA=
59,4,t/CzksjllTkORRhhNWbFoB2jyg4=,f76RVo8gYdjoV/mK8BHe1fDEwWM=
50,13,t/CzksjllTkORRhhNWbFoB2jyg4=,87MqI4neqKWcpU/BGbAwDAuUTLA=
63,15,t/CzksjllTkORRhhNWbFoB2jyg4=,XwqanDJgDU2tUR2OrxNPFGx07j4=
48,15,t/CzksjllTkORRhhNWbFoB2jyg4=,87MqI4neqKWcpU/BGbAwDAuUTLA=
58,4,t/CzksjllTkORRhhNWbFoB2jyg4=,f76RVo8gYdjoV/mK8BHe1fDEwWM=
60,15,t/CzksjllTkORRhhNWbFoB2jyg4=,XwqanDJgDU2tUR2OrxNPFGx07j4=
49,13,t/CzksjllTkORRhhNWbFoB2jyg4=,87MqI4neqKWcpU/BGbAwDAuUTLA=
60,4,t/CzksjllTkORRhhNWbFoB2jyg4=,XwqanDJgDU2tUR2OrxNPFGx07j4=
55,4,t/CzksjllTkORRhhNWbFoB2jyg4=,m91jhsGoMdeZMcLlkpD5X2kSQGA=
