-3,17,oTwA6U2s0GF/aRZbsVU47vCyNJg=,42kqZ/8cT60d11o85l4OnBAYXms=
-14,17,F/wDX2ITbdySv3sYpsTKnxtY3Ko=,zcv9laAp2zoPmZGXUlugqtlZpDg=
-14,18,F/wDX2ITbdySv3sYpsTKnxtY3Ko=,zcv9laAp2zoPmZGXUlugqtlZpDg=
-15,18,F/wDX2ITbdySv3sYpsTKnxtY3Ko=,zcv9laAp2zoPmZGXUlugqtlZpDg=
-15,17,F/wDX2ITbdySv3sYpsTKnxtY3Ko=,zcv9laAp2zoPmZGXUlugqtlZpDg=
-2,18,oTwA6U2s0GF/aRZbsVU47vCyNJg=,42kqZ/8cT60d11o85l4OnBAYXms=
-3,18,oTwA6U2s0GF/aRZbsVU47vCyNJg=,42kqZ/8cT60d11o85l4OnBAYXms=
-2,17,oTwA6U2s0GF/aRZbsVU47vCyNJg=,42kqZ/8cT60d11o85l4OnBAYXms=
-6,18,oTwA6U2s0GF/aRZbsVU47vCyNJg=,T16xx0Cy+4YJNoRrzfmJ/fHADF0=
-4,18,oTwA6U2s0GF/aRZbsVU47vCyNJg=,42kqZ/8cT60d11o85l4OnBAYXms=
-7,17,oTwA6U2s0GF/aRZbsVU47vCyNJg=,T16xx0Cy+4YJNoRrzfmJ/fHADF0=
-7,18,oTwA6U2s0GF/aRZbsVU47vCyNJg=,T16xx0Cy+4YJNoRrzfmJ/fHADF0=
-6,17,oTwA6U2s0GF/aRZbsVU47vCyNJg=,T16xx0Cy+4YJNoRrzfmJ/fHADF0=
-7,19,oTwA6U2s0GF/aRZbsVU47vCyNJg=,T16xx0Cy+4YJNoRrzfmJ/fHADF0=
-6,19,oTwA6U2s0GF/aRZbsVU47vCyNJg=,T16xx0Cy+4YJNoRrzfmJ/fHADF0=
-5,17,oTwA6U2s0GF/aRZbsVU47vCyNJg=,T16xx0Cy+4YJNoRrzfmJ/fHADF0=
-5,18,oTwA6U2s0GF/aRZbsVU47vCyNJg=,T16xx0Cy+4YJNoRrzfmJ/fHADF0=
-4,17,oTwA6U2s0GF/aRZbsVU47vCyNJg=,42kqZ/8cT60d11o85l4OnBAYXms=
-11,18,oTwA6U2s0GF/aRZbsVU47vCyNJg=,al90dU9JoL9LpA/abAuvWDTBLG4=
-12,18,F/wDX2ITbdySv3sYpsTKnxtY3Ko=,al90dU9JoL9LpA/abAuvWDTBLG4=
-13,18,F/wDX2ITbdySv3sYpsTKnxtY3Ko=,zcv9laAp2zoPmZGXUlugqtlZpDg=
-8,17,oTwA6U2s0GF/aRZbsVU47vCyNJg=,T16xx0Cy+4YJNoRrzfmJ/fHADF0=
-10,18,oTwA6U2s0GF/aRZbsVU47vCyNJg=,al90dU9JoL9LpA/abAuvWDTBLG4=
-13,17,F/wDX2ITbdySv3sYpsTKnxtY3Ko=,zcv9laAp2zoPmZGXUlugqtlZpDg=
-9,17,oTwA6U2s0GF/aRZbsVU47vCyNJg=,al90dU9JoL9LpA/abAuvWDTBLG4=
-10,17,oTwA6U2s0GF/aRZbsVU47vCyNJg=,al90dU9JoL9LpA/abAuvWDTBLG4=
-12,17,F/wDX2ITbdySv3sYpsTKnxtY3Ko=,al90dU9JoL9LpA/abAuvWDTBLG4=
-8,18,oTwA6U2s0GF/aRZbsVU47vCyNJg=,T16xx0Cy+4YJNoRrzfmJ/fHADF0=
-9,18,oTwA6U2s0GF/aRZbsVU47vCyNJg=,al90dU9JoL9LpA/abAuvWDTBLG4=
-11,17,IgfV6Toua308tSRZ22d7nNYjdpI=,al90dU9JoL9LpA/abAuvWDTBLG4=
-10,16,F/wDX2ITbdySv3sYpsTKnxtY3Ko=,al90dU9JoL9LpA/abAuvWDTBLG4=
-11,16,F/wDX2ITbdySv3sYpsTKnxtY3Ko=,al90dU9JoL9LpA/abAuvWDTBLG4=
-15,19,F/wDX2ITbdySv3sYpsTKnxtY3Ko=,zcv9laAp2zoPmZGXUlugqtlZpDg=
-16,17,txT9XIfN+ha0PQ3QXyDgNXfOr9M=,zcv9laAp2zoPmZGXUlugqtlZpDg=
-14,19,F/wDX2ITbdySv3sYpsTKnxtY3Ko=,zcv9laAp2zoPmZGXUlugqtlZpDg=
-2,19,F/wDX2ITbdySv3sYpsTKnxtY3Ko=,42kqZ/8cT60d11o85l4OnBAYXms=
-3,19,F/wDX2ITbdySv3sYpsTKnxtY3Ko=,42kqZ/8cT60d11o85l4OnBAYXms=
-5,19,F/wDX2ITbdySv3sYpsTKnxtY3Ko=,T16xx0Cy+4YJNoRrzfmJ/fHADF0=
-4,19,F/wDX2ITbdySv3sYpsTKnxtY3Ko=,42kqZ/8cT60d11o85l4OnBAYXms=
-16,16,txT9XIfN+ha0PQ3QXyDgNXfOr9M=,zcv9laAp2zoPmZGXUlugqtlZpDg=
-15,16,txT9XIfN+ha0PQ3QXyDgNXfOr9M=,zcv9laAp2zoPmZGXUlugqtlZpDg=
-13,16,txT9XIfN+ha0PQ3QXyDgNXfOr9M=,zcv9laAp2zoPmZGXUlugqtlZpDg=
-14,16,txT9XIfN+ha0PQ3QXyDgNXfOr9M=,zcv9laAp2zoPmZGXUlugqtlZpDg=
-12,16,txT9XIfN+ha0PQ3QXyDgNXfOr9M=,al90dU9JoL9LpA/abAuvWDTBLG4=
-16,18,txT9XIfN+ha0PQ3QXyDgNXfOr9M=,zcv9laAp2zoPmZGXUlugqtlZpDg=
-1,17,F/wDX2ITbdySv3sYpsTKnxtY3Ko=,42kqZ/8cT60d11o85l4OnBAYXms=
-1,19,F/wDX2ITbdySv3sYpsTKnxtY3Ko=,42kqZ/8cT60d11o85l4OnBAYXms=
-1,18,F/wDX2ITbdySv3sYpsTKnxtY3Ko=,42kqZ/8cT60d11o85l4OnBAYXms=
-3,16,F/wDX2ITbdySv3sYpsTKnxtY3Ko=,42kqZ/8cT60d11o85l4OnBAYXms=
-2,16,F/wDX2ITbdySv3sYpsTKnxtY3Ko=,42kqZ/8cT60d11o85l4OnBAYXms=
-1,16,txT9XIfN+ha0PQ3QXyDgNXfOr9M=,42kqZ/8cT60d11o85l4OnBAYXms=
-6,16,F/wDX2ITbdySv3sYpsTKnxtY3Ko=,T16xx0Cy+4YJNoRrzfmJ/fHADF0=
-7,16,F/wDX2ITbdySv3sYpsTKnxtY3Ko=,T16xx0Cy+4YJNoRrzfmJ/fHADF0=
-4,16,F/wDX2ITbdySv3sYpsTKnxtY3Ko=,42kqZ/8cT60d11o85l4OnBAYXms=
-8,16,F/wDX2ITbdySv3sYpsTKnxtY3Ko=,T16xx0Cy+4YJNoRrzfmJ/fHADF0=
-5,16,F/wDX2ITbdySv3sYpsTKnxtY3Ko=,T16xx0Cy+4YJNoRrzfmJ/fHADF0=
-9,16,F/wDX2ITbdySv3sYpsTKnxtY3Ko=,al90dU9JoL9LpA/abAuvWDTBLG4=
-12,19,F/wDX2ITbdySv3sYpsTKnxtY3Ko=,al90dU9JoL9LpA/abAuvWDTBLG4=
-11,19,IgfV6Toua308tSRZ22d7nNYjdpI=,al90dU9JoL9LpA/abAuvWDTBLG4=
-8,19,oTwA6U2s0GF/aRZbsVU47vCyNJg=,T16xx0Cy+4YJNoRrzfmJ/fHADF0=
-10,19,IgfV6Toua308tSRZ22d7nNYjdpI=,al90dU9JoL9LpA/abAuvWDTBLG4=
-13,19,F/wDX2ITbdySv3sYpsTKnxtY3Ko=,zcv9laAp2zoPmZGXUlugqtlZpDg=
-9,19,oTwA6U2s0GF/aRZbsVU47vCyNJg=,al90dU9JoL9LpA/abAuvWDTBLG4=
-16,19,txT9XIfN+ha0PQ3QXyDgNXfOr9M=,zcv9laAp2zoPmZGXUlugqtlZpDg=
-7,5,v0/bStVcR1FGEiMowdwZyGPNPw4=,f1IXMQK3XV5uxKvsBDwyVt73mfE=
-7,6,v0/bStVcR1FGEiMowdwZyGPNPw4=,f1IXMQK3XV5uxKvsBDwyVt73mfE=
-6,6,v0/bStVcR1FGEiMowdwZyGPNPw4=,f1IXMQK3XV5uxKvsBDwyVt73mfE=
-6,5,v0/bStVcR1FGEiMowdwZyGPNPw4=,f1IXMQK3XV5uxKvsBDwyVt73mfE=
-6,4,CTt72lcFb9oOiRBoRLayrMxOf+A=,f1IXMQK3XV5uxKvsBDwyVt73mfE=
-7,4,CTt72lcFb9oOiRBoRLayrMxOf+A=,f1IXMQK3XV5uxKvsBDwyVt73mfE=
-7,2,CTt72lcFb9oOiRBoRLayrMxOf+A=,f1IXMQK3XV5uxKvsBDwyVt73mfE=
-6,3,CTt72lcFb9oOiRBoRLayrMxOf+A=,f1IXMQK3XV5uxKvsBDwyVt73mfE=
-7,3,CTt72lcFb9oOiRBoRLayrMxOf+A=,f1IXMQK3XV5uxKvsBDwyVt73mfE=
-6,2,CTt72lcFb9oOiRBoRLayrMxOf+A=,f1IXMQK3XV5uxKvsBDwyVt73mfE=
-7,1,CTt72lcFb9oOiRBoRLayrMxOf+A=,f1IXMQK3XV5uxKvsBDwyVt73mfE=
-6,1,CTt72lcFb9oOiRBoRLayrMxOf+A=,f1IXMQK3XV5uxKvsBDwyVt73mfE=
-5,6,v0/bStVcR1FGEiMowdwZyGPNPw4=,f1IXMQK3XV5uxKvsBDwyVt73mfE=
-3,6,v0/bStVcR1FGEiMowdwZyGPNPw4=,c54xsKPhOEDvcI2+gbedilrLPZ0=
-4,6,v0/bStVcR1FGEiMowdwZyGPNPw4=,c54xsKPhOEDvcI2+gbedilrLPZ0=
-2,6,v0/bStVcR1FGEiMowdwZyGPNPw4=,c54xsKPhOEDvcI2+gbedilrLPZ0=
-4,5,v0/bStVcR1FGEiMowdwZyGPNPw4=,c54xsKPhOEDvcI2+gbedilrLPZ0=
-2,5,v0/bStVcR1FGEiMowdwZyGPNPw4=,c54xsKPhOEDvcI2+gbedilrLPZ0=
-3,5,v0/bStVcR1FGEiMowdwZyGPNPw4=,c54xsKPhOEDvcI2+gbedilrLPZ0=
-4,3,CTt72lcFb9oOiRBoRLayrMxOf+A=,PWK63NXtzF5XmB6Z1PyWU5ntSIM=
-3,3,CTt72lcFb9oOiRBoRLayrMxOf+A=,PWK63NXtzF5XmB6Z1PyWU5ntSIM=
-4,1,CTt72lcFb9oOiRBoRLayrMxOf+A=,PWK63NXtzF5XmB6Z1PyWU5ntSIM=
-2,2,CTt72lcFb9oOiRBoRLayrMxOf+A=,PWK63NXtzF5XmB6Z1PyWU5ntSIM=
-5,5,v0/bStVcR1FGEiMowdwZyGPNPw4=,f1IXMQK3XV5uxKvsBDwyVt73mfE=
-2,3,CTt72lcFb9oOiRBoRLayrMxOf+A=,PWK63NXtzF5XmB6Z1PyWU5ntSIM=
-5,4,CTt72lcFb9oOiRBoRLayrMxOf+A=,f1IXMQK3XV5uxKvsBDwyVt73mfE=
-3,2,CTt72lcFb9oOiRBoRLayrMxOf+A=,PWK63NXtzF5XmB6Z1PyWU5ntSIM=
-4,4,CTt72lcFb9oOiRBoRLayrMxOf+A=,c54xsKPhOEDvcI2+gbedilrLPZ0=
-4,2,CTt72lcFb9oOiRBoRLayrMxOf+A=,PWK63NXtzF5XmB6Z1PyWU5ntSIM=
-5,3,CTt72lcFb9oOiRBoRLayrMxOf+A=,f1IXMQK3XV5uxKvsBDwyVt73mfE=
-5,2,CTt72lcFb9oOiRBoRLayrMxOf+A=,f1IXMQK3XV5uxKvsBDwyVt73mfE=
-5,1,CTt72lcFb9oOiRBoRLayrMxOf+A=,f1IXMQK3XV5uxKvsBDwyVt73mfE=
-2,1,CTt72lcFb9oOiRBoRLayrMxOf+A=,PWK63NXtzF5XmB6Z1PyWU5ntSIM=
-3,4,CTt72lcFb9oOiRBoRLayrMxOf+A=,c54xsKPhOEDvcI2+gbedilrLPZ0=
-3,1,WILo5zHQmbvwFDg4NanO1RUnzoo=,PWK63NXtzF5XmB6Z1PyWU5ntSIM=
-2,4,/dsqP+4Ujg2TzM+yQQgJtspL4S4=,c54xsKPhOEDvcI2+gbedilrLPZ0=
-8,6,CTt72lcFb9oOiRBoRLayrMxOf+A=,f1IXMQK3XV5uxKvsBDwyVt73mfE=
-9,6,CTt72lcFb9oOiRBoRLayrMxOf+A=,l04XmS/+fNNCJckLtgnQD+HWyDw=
-11,5,CTt72lcFb9oOiRBoRLayrMxOf+A=,l04XmS/+fNNCJckLtgnQD+HWyDw=
-10,6,CTt72lcFb9oOiRBoRLayrMxOf+A=,l04XmS/+fNNCJckLtgnQD+HWyDw=
-10,5,CTt72lcFb9oOiRBoRLayrMxOf+A=,l04XmS/+fNNCJckLtgnQD+HWyDw=
-9,5,CTt72lcFb9oOiRBoRLayrMxOf+A=,l04XmS/+fNNCJckLtgnQD+HWyDw=
-8,5,CTt72lcFb9oOiRBoRLayrMxOf+A=,f1IXMQK3XV5uxKvsBDwyVt73mfE=
-11,6,CTt72lcFb9oOiRBoRLayrMxOf+A=,l04XmS/+fNNCJckLtgnQD+HWyDw=
-10,2,CTt72lcFb9oOiRBoRLayrMxOf+A=,C3o2l4OamIz4WQuOhwDPPFrvlR4=
-15,9,Cfb+9ZJp4CekGVu8rhMnSqOminU=,51f6nnrCogtniccZzw5L0wwK0rE=
-14,9,Cfb+9ZJp4CekGVu8rhMnSqOminU=,51f6nnrCogtniccZzw5L0wwK0rE=
-15,10,Cfb+9ZJp4CekGVu8rhMnSqOminU=,51f6nnrCogtniccZzw5L0wwK0rE=
-8,4,CTt72lcFb9oOiRBoRLayrMxOf+A=,f1IXMQK3XV5uxKvsBDwyVt73mfE=
-8,2,CTt72lcFb9oOiRBoRLayrMxOf+A=,f1IXMQK3XV5uxKvsBDwyVt73mfE=
-14,10,Cfb+9ZJp4CekGVu8rhMnSqOminU=,51f6nnrCogtniccZzw5L0wwK0rE=
-10,1,CTt72lcFb9oOiRBoRLayrMxOf+A=,C3o2l4OamIz4WQuOhwDPPFrvlR4=
-11,1,CTt72lcFb9oOiRBoRLayrMxOf+A=,C3o2l4OamIz4WQuOhwDPPFrvlR4=
-10,4,CTt72lcFb9oOiRBoRLayrMxOf+A=,l04XmS/+fNNCJckLtgnQD+HWyDw=
-11,4,CTt72lcFb9oOiRBoRLayrMxOf+A=,l04XmS/+fNNCJckLtgnQD+HWyDw=
-8,3,CTt72lcFb9oOiRBoRLayrMxOf+A=,f1IXMQK3XV5uxKvsBDwyVt73mfE=
-9,3,CTt72lcFb9oOiRBoRLayrMxOf+A=,C3o2l4OamIz4WQuOhwDPPFrvlR4=
-8,1,CTt72lcFb9oOiRBoRLayrMxOf+A=,f1IXMQK3XV5uxKvsBDwyVt73mfE=
-11,2,CTt72lcFb9oOiRBoRLayrMxOf+A=,C3o2l4OamIz4WQuOhwDPPFrvlR4=
-10,3,CTt72lcFb9oOiRBoRLayrMxOf+A=,C3o2l4OamIz4WQuOhwDPPFrvlR4=
-9,4,CTt72lcFb9oOiRBoRLayrMxOf+A=,l04XmS/+fNNCJckLtgnQD+HWyDw=
-11,3,CTt72lcFb9oOiRBoRLayrMxOf+A=,C3o2l4OamIz4WQuOhwDPPFrvlR4=
-9,2,CTt72lcFb9oOiRBoRLayrMxOf+A=,C3o2l4OamIz4WQuOhwDPPFrvlR4=
-9,1,CTt72lcFb9oOiRBoRLayrMxOf+A=,C3o2l4OamIz4WQuOhwDPPFrvlR4=
-15,2,jxg4CyeeUh/fkdF33IuysfKmTLA=,C3o2l4OamIz4WQuOhwDPPFrvlR4=
-14,2,jxg4CyeeUh/fkdF33IuysfKmTLA=,C3o2l4OamIz4WQuOhwDPPFrvlR4=
-14,1,jxg4CyeeUh/fkdF33IuysfKmTLA=,C3o2l4OamIz4WQuOhwDPPFrvlR4=
-15,1,jxg4CyeeUh/fkdF33IuysfKmTLA=,C3o2l4OamIz4WQuOhwDPPFrvlR4=
-13,2,jxg4CyeeUh/fkdF33IuysfKmTLA=,C3o2l4OamIz4WQuOhwDPPFrvlR4=
-13,1,j+6StJ/nJfcjHNopN3R66XXULRM=,C3o2l4OamIz4WQuOhwDPPFrvlR4=
-12,1,jxg4CyeeUh/fkdF33IuysfKmTLA=,C3o2l4OamIz4WQuOhwDPPFrvlR4=
-12,2,jxg4CyeeUh/fkdF33IuysfKmTLA=,C3o2l4OamIz4WQuOhwDPPFrvlR4=
-14,8,j+6StJ/nJfcjHNopN3R66XXULRM=,51f6nnrCogtniccZzw5L0wwK0rE=
-15,5,j+6StJ/nJfcjHNopN3R66XXULRM=,viOY4Fof71hCVwXJOIHooUetcXk=
-14,5,j+6StJ/nJfcjHNopN3R66XXULRM=,viOY4Fof71hCVwXJOIHooUetcXk=
-15,4,j+6StJ/nJfcjHNopN3R66XXULRM=,viOY4Fof71hCVwXJOIHooUetcXk=
-15,3,j+6StJ/nJfcjHNopN3R66XXULRM=,C3o2l4OamIz4WQuOhwDPPFrvlR4=
-14,7,j+6StJ/nJfcjHNopN3R66XXULRM=,viOY4Fof71hCVwXJOIHooUetcXk=
-14,3,j+6StJ/nJfcjHNopN3R66XXULRM=,C3o2l4OamIz4WQuOhwDPPFrvlR4=
-15,6,j+6StJ/nJfcjHNopN3R66XXULRM=,viOY4Fof71hCVwXJOIHooUetcXk=
-12,4,j+6StJ/nJfcjHNopN3R66XXULRM=,l04XmS/+fNNCJckLtgnQD+HWyDw=
-13,6,j+6StJ/nJfcjHNopN3R66XXULRM=,viOY4Fof71hCVwXJOIHooUetcXk=
-13,4,j+6StJ/nJfcjHNopN3R66XXULRM=,viOY4Fof71hCVwXJOIHooUetcXk=
-15,8,j+6StJ/nJfcjHNopN3R66XXULRM=,51f6nnrCogtniccZzw5L0wwK0rE=
-12,6,j+6StJ/nJfcjHNopN3R66XXULRM=,l04XmS/+fNNCJckLtgnQD+HWyDw=
-15,7,j+6StJ/nJfcjHNopN3R66XXULRM=,viOY4Fof71hCVwXJOIHooUetcXk=
-14,6,j+6StJ/nJfcjHNopN3R66XXULRM=,viOY4Fof71hCVwXJOIHooUetcXk=
-13,3,j+6StJ/nJfcjHNopN3R66XXULRM=,C3o2l4OamIz4WQuOhwDPPFrvlR4=
-12,3,j+6StJ/nJfcjHNopN3R66XXULRM=,C3o2l4OamIz4WQuOhwDPPFrvlR4=
-12,5,j+6StJ/nJfcjHNopN3R66XXULRM=,l04XmS/+fNNCJckLtgnQD+HWyDw=
-13,5,j+6StJ/nJfcjHNopN3R66XXULRM=,viOY4Fof71hCVwXJOIHooUetcXk=
-14,4,j+6StJ/nJfcjHNopN3R66XXULRM=,viOY4Fof71hCVwXJOIHooUetcXk=
-10,8,Cfb+9ZJp4CekGVu8rhMnSqOminU=,um3FMLVAWVs3AyLd/TsvmsjmjiQ=
-10,10,Cfb+9ZJp4CekGVu8rhMnSqOminU=,um3FMLVAWVs3AyLd/TsvmsjmjiQ=
-11,10,Cfb+9ZJp4CekGVu8rhMnSqOminU=,um3FMLVAWVs3AyLd/TsvmsjmjiQ=
-12,9,Cfb+9ZJp4CekGVu8rhMnSqOminU=,um3FMLVAWVs3AyLd/TsvmsjmjiQ=
-13,7,j+6StJ/nJfcjHNopN3R66XXULRM=,viOY4Fof71hCVwXJOIHooUetcXk=
-13,9,Cfb+9ZJp4CekGVu8rhMnSqOminU=,51f6nnrCogtniccZzw5L0wwK0rE=
-13,8,j+6StJ/nJfcjHNopN3R66XXULRM=,51f6nnrCogtniccZzw5L0wwK0rE=
-10,7,Cfb+9ZJp4CekGVu8rhMnSqOminU=,l04XmS/+fNNCJckLtgnQD+HWyDw=
-11,7,Cfb+9ZJp4CekGVu8rhMnSqOminU=,l04XmS/+fNNCJckLtgnQD+HWyDw=
-13,10,Cfb+9ZJp4CekGVu8rhMnSqOminU=,51f6nnrCogtniccZzw5L0wwK0rE=
-12,7,j+6StJ/nJfcjHNopN3R66XXULRM=,l04XmS/+fNNCJckLtgnQD+HWyDw=
-12,10,Cfb+9ZJp4CekGVu8rhMnSqOminU=,um3FMLVAWVs3AyLd/TsvmsjmjiQ=
-11,8,Cfb+9ZJp4CekGVu8rhMnSqOminU=,um3FMLVAWVs3AyLd/TsvmsjmjiQ=
-11,9,Cfb+9ZJp4CekGVu8rhMnSqOminU=,um3FMLVAWVs3AyLd/TsvmsjmjiQ=
-12,8,j+6StJ/nJfcjHNopN3R66XXULRM=,um3FMLVAWVs3AyLd/TsvmsjmjiQ=
-10,9,Cfb+9ZJp4CekGVu8rhMnSqOminU=,um3FMLVAWVs3AyLd/TsvmsjmjiQ=
-9,7,Cfb+9ZJp4CekGVu8rhMnSqOminU=,l04XmS/+fNNCJckLtgnQD+HWyDw=
-6,10,v0/bStVcR1FGEiMowdwZyGPNPw4=,0D8L5oQJui/hmPrWImew/S9a/EU=
-9,8,Cfb+9ZJp4CekGVu8rhMnSqOminU=,um3FMLVAWVs3AyLd/TsvmsjmjiQ=
-7,10,gwbBAN5tAaxGJBxIecTRoyN7wm4=,0D8L5oQJui/hmPrWImew/S9a/EU=
-6,7,v0/bStVcR1FGEiMowdwZyGPNPw4=,f1IXMQK3XV5uxKvsBDwyVt73mfE=
-7,7,v0/bStVcR1FGEiMowdwZyGPNPw4=,f1IXMQK3XV5uxKvsBDwyVt73mfE=
-8,10,Cfb+9ZJp4CekGVu8rhMnSqOminU=,0D8L5oQJui/hmPrWImew/S9a/EU=
-8,7,Cfb+9ZJp4CekGVu8rhMnSqOminU=,f1IXMQK3XV5uxKvsBDwyVt73mfE=
-9,10,Cfb+9ZJp4CekGVu8rhMnSqOminU=,um3FMLVAWVs3AyLd/TsvmsjmjiQ=
-8,8,Cfb+9ZJp4CekGVu8rhMnSqOminU=,0D8L5oQJui/hmPrWImew/S9a/EU=
-8,9,Cfb+9ZJp4CekGVu8rhMnSqOminU=,0D8L5oQJui/hmPrWImew/S9a/EU=
-6,8,v0/bStVcR1FGEiMowdwZyGPNPw4=,0D8L5oQJui/hmPrWImew/S9a/EU=
-7,8,v0/bStVcR1FGEiMowdwZyGPNPw4=,0D8L5oQJui/hmPrWImew/S9a/EU=
-6,9,v0/bStVcR1FGEiMowdwZyGPNPw4=,0D8L5oQJui/hmPrWImew/S9a/EU=
-7,9,xkgRj/alLzX4Wyeb8a1J5w80QS4=,0D8L5oQJui/hmPrWImew/S9a/EU=
-9,9,Cfb+9ZJp4CekGVu8rhMnSqOminU=,um3FMLVAWVs3AyLd/TsvmsjmjiQ=
-5,7,v0/bStVcR1FGEiMowdwZyGPNPw4=,f1IXMQK3XV5uxKvsBDwyVt73mfE=
-3,7,v0/bStVcR1FGEiMowdwZyGPNPw4=,c54xsKPhOEDvcI2+gbedilrLPZ0=
-4,8,v0/bStVcR1FGEiMowdwZyGPNPw4=,f1IXMQK3XV5uxKvsBDwyVt73mfE=
-2,7,v0/bStVcR1FGEiMowdwZyGPNPw4=,c54xsKPhOEDvcI2+gbedilrLPZ0=
-5,10,v0/bStVcR1FGEiMowdwZyGPNPw4=,0D8L5oQJui/hmPrWImew/S9a/EU=
-2,10,v0/bStVcR1FGEiMowdwZyGPNPw4=,f1IXMQK3XV5uxKvsBDwyVt73mfE=
-3,10,v0/bStVcR1FGEiMowdwZyGPNPw4=,f1IXMQK3XV5uxKvsBDwyVt73mfE=
-3,8,v0/bStVcR1FGEiMowdwZyGPNPw4=,f1IXMQK3XV5uxKvsBDwyVt73mfE=
-4,10,v0/bStVcR1FGEiMowdwZyGPNPw4=,f1IXMQK3XV5uxKvsBDwyVt73mfE=
-4,7,v0/bStVcR1FGEiMowdwZyGPNPw4=,c54xsKPhOEDvcI2+gbedilrLPZ0=
-5,9,v0/bStVcR1FGEiMowdwZyGPNPw4=,0D8L5oQJui/hmPrWImew/S9a/EU=
-2,8,v0/bStVcR1FGEiMowdwZyGPNPw4=,f1IXMQK3XV5uxKvsBDwyVt73mfE=
-5,8,v0/bStVcR1FGEiMowdwZyGPNPw4=,0D8L5oQJui/hmPrWImew/S9a/EU=
-3,9,v0/bStVcR1FGEiMowdwZyGPNPw4=,f1IXMQK3XV5uxKvsBDwyVt73mfE=
-2,9,v0/bStVcR1FGEiMowdwZyGPNPw4=,f1IXMQK3XV5uxKvsBDwyVt73mfE=
-4,9,v0/bStVcR1FGEiMowdwZyGPNPw4=,f1IXMQK3XV5uxKvsBDwyVt73mfE=
-7,12,PWWVQtWram4CYZd0eQOQKWCplhg=,LG7zxMqppWx4i0xlYfduTnVgJrs=
-6,12,PWWVQtWram4CYZd0eQOQKWCplhg=,LG7zxMqppWx4i0xlYfduTnVgJrs=
-7,14,Cfb+9ZJp4CekGVu8rhMnSqOminU=,LG7zxMqppWx4i0xlYfduTnVgJrs=
-6,13,PWWVQtWram4CYZd0eQOQKWCplhg=,LG7zxMqppWx4i0xlYfduTnVgJrs=
-7,13,PWWVQtWram4CYZd0eQOQKWCplhg=,LG7zxMqppWx4i0xlYfduTnVgJrs=
-6,14,Cfb+9ZJp4CekGVu8rhMnSqOminU=,LG7zxMqppWx4i0xlYfduTnVgJrs=
-6,11,Cfb+9ZJp4CekGVu8rhMnSqOminU=,0D8L5oQJui/hmPrWImew/S9a/EU=
-7,11,Cfb+9ZJp4CekGVu8rhMnSqOminU=,0D8L5oQJui/hmPrWImew/S9a/EU=
-8,11,Cfb+9ZJp4CekGVu8rhMnSqOminU=,0D8L5oQJui/hmPrWImew/S9a/EU=
-8,14,Cfb+9ZJp4CekGVu8rhMnSqOminU=,LG7zxMqppWx4i0xlYfduTnVgJrs=
-11,14,3AocVgTAb2bSPROlTq4R1e0v6Oo=,d8keWrMyTpADCWpXDDpXCtH0Shs=
-8,12,PWWVQtWram4CYZd0eQOQKWCplhg=,LG7zxMqppWx4i0xlYfduTnVgJrs=
-10,14,TJQ1sAm7U48JWuaZa90gwSlpE5E=,d8keWrMyTpADCWpXDDpXCtH0Shs=
-10,13,3AocVgTAb2bSPROlTq4R1e0v6Oo=,d8keWrMyTpADCWpXDDpXCtH0Shs=
-11,13,3AocVgTAb2bSPROlTq4R1e0v6Oo=,d8keWrMyTpADCWpXDDpXCtH0Shs=
-9,14,Cfb+9ZJp4CekGVu8rhMnSqOminU=,d8keWrMyTpADCWpXDDpXCtH0Shs=
-9,12,Cfb+9ZJp4CekGVu8rhMnSqOminU=,d8keWrMyTpADCWpXDDpXCtH0Shs=
-8,13,PWWVQtWram4CYZd0eQOQKWCplhg=,LG7zxMqppWx4i0xlYfduTnVgJrs=
-10,12,Cfb+9ZJp4CekGVu8rhMnSqOminU=,d8keWrMyTpADCWpXDDpXCtH0Shs=
-11,12,Cfb+9ZJp4CekGVu8rhMnSqOminU=,d8keWrMyTpADCWpXDDpXCtH0Shs=
-9,11,Cfb+9ZJp4CekGVu8rhMnSqOminU=,um3FMLVAWVs3AyLd/TsvmsjmjiQ=
-11,11,Cfb+9ZJp4CekGVu8rhMnSqOminU=,um3FMLVAWVs3AyLd/TsvmsjmjiQ=
-10,11,Cfb+9ZJp4CekGVu8rhMnSqOminU=,um3FMLVAWVs3AyLd/TsvmsjmjiQ=
-9,13,PWWVQtWram4CYZd0eQOQKWCplhg=,d8keWrMyTpADCWpXDDpXCtH0Shs=
-16,9,j+6StJ/nJfcjHNopN3R66XXULRM=,51f6nnrCogtniccZzw5L0wwK0rE=
-16,11,j+6StJ/nJfcjHNopN3R66XXULRM=,51f6nnrCogtniccZzw5L0wwK0rE=
-16,10,j+6StJ/nJfcjHNopN3R66XXULRM=,51f6nnrCogtniccZzw5L0wwK0rE=
-15,15,j+6StJ/nJfcjHNopN3R66XXULRM=,QVb8v7MmghYew92ojRInDFZm6Rw=
-15,11,Cfb+9ZJp4CekGVu8rhMnSqOminU=,51f6nnrCogtniccZzw5L0wwK0rE=
-13,14,3AocVgTAb2bSPROlTq4R1e0v6Oo=,QVb8v7MmghYew92ojRInDFZm6Rw=
-13,12,Cfb+9ZJp4CekGVu8rhMnSqOminU=,QVb8v7MmghYew92ojRInDFZm6Rw=
-14,12,Cfb+9ZJp4CekGVu8rhMnSqOminU=,QVb8v7MmghYew92ojRInDFZm6Rw=
-14,14,H3m/TsBq01C9NcKhEW/CsrCz9w8=,QVb8v7MmghYew92ojRInDFZm6Rw=
-12,11,Cfb+9ZJp4CekGVu8rhMnSqOminU=,um3FMLVAWVs3AyLd/TsvmsjmjiQ=
-14,11,Cfb+9ZJp4CekGVu8rhMnSqOminU=,51f6nnrCogtniccZzw5L0wwK0rE=
-12,14,3AocVgTAb2bSPROlTq4R1e0v6Oo=,d8keWrMyTpADCWpXDDpXCtH0Shs=
-16,14,j+6StJ/nJfcjHNopN3R66XXULRM=,QVb8v7MmghYew92ojRInDFZm6Rw=
-15,14,H3m/TsBq01C9NcKhEW/CsrCz9w8=,QVb8v7MmghYew92ojRInDFZm6Rw=
-15,12,Cfb+9ZJp4CekGVu8rhMnSqOminU=,QVb8v7MmghYew92ojRInDFZm6Rw=
-13,13,3AocVgTAb2bSPROlTq4R1e0v6Oo=,QVb8v7MmghYew92ojRInDFZm6Rw=
-14,13,H3m/TsBq01C9NcKhEW/CsrCz9w8=,QVb8v7MmghYew92ojRInDFZm6Rw=
-16,12,j+6StJ/nJfcjHNopN3R66XXULRM=,QVb8v7MmghYew92ojRInDFZm6Rw=
-15,13,H3m/TsBq01C9NcKhEW/CsrCz9w8=,QVb8v7MmghYew92ojRInDFZm6Rw=
-13,11,Cfb+9ZJp4CekGVu8rhMnSqOminU=,51f6nnrCogtniccZzw5L0wwK0rE=
-16,13,j+6StJ/nJfcjHNopN3R66XXULRM=,QVb8v7MmghYew92ojRInDFZm6Rw=
-14,15,j+6StJ/nJfcjHNopN3R66XXULRM=,QVb8v7MmghYew92ojRInDFZm6Rw=
-12,12,Cfb+9ZJp4CekGVu8rhMnSqOminU=,d8keWrMyTpADCWpXDDpXCtH0Shs=
-12,13,H3m/TsBq01C9NcKhEW/CsrCz9w8=,d8keWrMyTpADCWpXDDpXCtH0Shs=
-13,15,j+6StJ/nJfcjHNopN3R66XXULRM=,QVb8v7MmghYew92ojRInDFZm6Rw=
-12,15,j+6StJ/nJfcjHNopN3R66XXULRM=,d8keWrMyTpADCWpXDDpXCtH0Shs=
-10,15,j+6StJ/nJfcjHNopN3R66XXULRM=,d8keWrMyTpADCWpXDDpXCtH0Shs=
-11,15,j+6StJ/nJfcjHNopN3R66XXULRM=,d8keWrMyTpADCWpXDDpXCtH0Shs=
-8,15,j+6StJ/nJfcjHNopN3R66XXULRM=,LG7zxMqppWx4i0xlYfduTnVgJrs=
-6,15,j+6StJ/nJfcjHNopN3R66XXULRM=,LG7zxMqppWx4i0xlYfduTnVgJrs=
-7,15,j+6StJ/nJfcjHNopN3R66XXULRM=,LG7zxMqppWx4i0xlYfduTnVgJrs=
-9,15,j+6StJ/nJfcjHNopN3R66XXULRM=,d8keWrMyTpADCWpXDDpXCtH0Shs=
-1,9,PWWVQtWram4CYZd0eQOQKWCplhg=,f1IXMQK3XV5uxKvsBDwyVt73mfE=
-1,10,PWWVQtWram4CYZd0eQOQKWCplhg=,f1IXMQK3XV5uxKvsBDwyVt73mfE=
-4,15,j+6StJ/nJfcjHNopN3R66XXULRM=,dCTyXx5XG05TR1r1wpec+ILbLwo=
-3,15,j+6StJ/nJfcjHNopN3R66XXULRM=,dCTyXx5XG05TR1r1wpec+ILbLwo=
-4,11,PWWVQtWram4CYZd0eQOQKWCplhg=,f1IXMQK3XV5uxKvsBDwyVt73mfE=
-5,14,PWWVQtWram4CYZd0eQOQKWCplhg=,LG7zxMqppWx4i0xlYfduTnVgJrs=
-5,12,PWWVQtWram4CYZd0eQOQKWCplhg=,LG7zxMqppWx4i0xlYfduTnVgJrs=
-2,15,j+6StJ/nJfcjHNopN3R66XXULRM=,dCTyXx5XG05TR1r1wpec+ILbLwo=
-3,11,PWWVQtWram4CYZd0eQOQKWCplhg=,f1IXMQK3XV5uxKvsBDwyVt73mfE=
-2,11,PWWVQtWram4CYZd0eQOQKWCplhg=,f1IXMQK3XV5uxKvsBDwyVt73mfE=
-4,13,PWWVQtWram4CYZd0eQOQKWCplhg=,dCTyXx5XG05TR1r1wpec+ILbLwo=
-1,11,PWWVQtWram4CYZd0eQOQKWCplhg=,f1IXMQK3XV5uxKvsBDwyVt73mfE=
-3,13,PWWVQtWram4CYZd0eQOQKWCplhg=,dCTyXx5XG05TR1r1wpec+ILbLwo=
-2,13,PWWVQtWram4CYZd0eQOQKWCplhg=,dCTyXx5XG05TR1r1wpec+ILbLwo=
-5,13,PWWVQtWram4CYZd0eQOQKWCplhg=,LG7zxMqppWx4i0xlYfduTnVgJrs=
-5,11,PWWVQtWram4CYZd0eQOQKWCplhg=,0D8L5oQJui/hmPrWImew/S9a/EU=
-1,13,PWWVQtWram4CYZd0eQOQKWCplhg=,dCTyXx5XG05TR1r1wpec+ILbLwo=
-3,14,PWWVQtWram4CYZd0eQOQKWCplhg=,dCTyXx5XG05TR1r1wpec+ILbLwo=
-4,12,PWWVQtWram4CYZd0eQOQKWCplhg=,dCTyXx5XG05TR1r1wpec+ILbLwo=
-4,14,PWWVQtWram4CYZd0eQOQKWCplhg=,dCTyXx5XG05TR1r1wpec+ILbLwo=
-3,12,PWWVQtWram4CYZd0eQOQKWCplhg=,dCTyXx5XG05TR1r1wpec+ILbLwo=
-2,12,PWWVQtWram4CYZd0eQOQKWCplhg=,dCTyXx5XG05TR1r1wpec+ILbLwo=
-2,14,PWWVQtWram4CYZd0eQOQKWCplhg=,dCTyXx5XG05TR1r1wpec+ILbLwo=
-1,14,PWWVQtWram4CYZd0eQOQKWCplhg=,dCTyXx5XG05TR1r1wpec+ILbLwo=
-1,12,PWWVQtWram4CYZd0eQOQKWCplhg=,dCTyXx5XG05TR1r1wpec+ILbLwo=
-1,5,PWWVQtWram4CYZd0eQOQKWCplhg=,c54xsKPhOEDvcI2+gbedilrLPZ0=
-5,15,j+6StJ/nJfcjHNopN3R66XXULRM=,LG7zxMqppWx4i0xlYfduTnVgJrs=
-1,8,PWWVQtWram4CYZd0eQOQKWCplhg=,f1IXMQK3XV5uxKvsBDwyVt73mfE=
-1,7,PWWVQtWram4CYZd0eQOQKWCplhg=,c54xsKPhOEDvcI2+gbedilrLPZ0=
-1,6,PWWVQtWram4CYZd0eQOQKWCplhg=,c54xsKPhOEDvcI2+gbedilrLPZ0=
-1,3,jxg4CyeeUh/fkdF33IuysfKmTLA=,PWK63NXtzF5XmB6Z1PyWU5ntSIM=
-1,2,jxg4CyeeUh/fkdF33IuysfKmTLA=,PWK63NXtzF5XmB6Z1PyWU5ntSIM=
-1,1,jxg4CyeeUh/fkdF33IuysfKmTLA=,PWK63NXtzF5XmB6Z1PyWU5ntSIM=
-1,4,jxg4CyeeUh/fkdF33IuysfKmTLA=,c54xsKPhOEDvcI2+gbedilrLPZ0=
-2,0,jxg4CyeeUh/fkdF33IuysfKmTLA=,PWK63NXtzF5XmB6Z1PyWU5ntSIM=
-3,0,jxg4CyeeUh/fkdF33IuysfKmTLA=,PWK63NXtzF5XmB6Z1PyWU5ntSIM=
-8,0,jxg4CyeeUh/fkdF33IuysfKmTLA=,f1IXMQK3XV5uxKvsBDwyVt73mfE=
-11,0,jxg4CyeeUh/fkdF33IuysfKmTLA=,C3o2l4OamIz4WQuOhwDPPFrvlR4=
-10,0,jxg4CyeeUh/fkdF33IuysfKmTLA=,C3o2l4OamIz4WQuOhwDPPFrvlR4=
-9,0,jxg4CyeeUh/fkdF33IuysfKmTLA=,C3o2l4OamIz4WQuOhwDPPFrvlR4=
-4,0,jxg4CyeeUh/fkdF33IuysfKmTLA=,PWK63NXtzF5XmB6Z1PyWU5ntSIM=
-5,0,jxg4CyeeUh/fkdF33IuysfKmTLA=,f1IXMQK3XV5uxKvsBDwyVt73mfE=
-7,0,jxg4CyeeUh/fkdF33IuysfKmTLA=,f1IXMQK3XV5uxKvsBDwyVt73mfE=
-15,0,MP3SAUUMf2RAHQk4thAD4VGrDoY=,C3o2l4OamIz4WQuOhwDPPFrvlR4=
-14,0,MP3SAUUMf2RAHQk4thAD4VGrDoY=,C3o2l4OamIz4WQuOhwDPPFrvlR4=
-6,0,jxg4CyeeUh/fkdF33IuysfKmTLA=,f1IXMQK3XV5uxKvsBDwyVt73mfE=
-13,0,MP3SAUUMf2RAHQk4thAD4VGrDoY=,C3o2l4OamIz4WQuOhwDPPFrvlR4=
-12,0,MP3SAUUMf2RAHQk4thAD4VGrDoY=,C3o2l4OamIz4WQuOhwDPPFrvlR4=
-16,2,MP3SAUUMf2RAHQk4thAD4VGrDoY=,C3o2l4OamIz4WQuOhwDPPFrvlR4=
-16,1,MP3SAUUMf2RAHQk4thAD4VGrDoY=,C3o2l4OamIz4WQuOhwDPPFrvlR4=
-16,8,j+6StJ/nJfcjHNopN3R66XXULRM=,51f6nnrCogtniccZzw5L0wwK0rE=
-1,0,MP3SAUUMf2RAHQk4thAD4VGrDoY=,PWK63NXtzF5XmB6Z1PyWU5ntSIM=
-16,7,j+6StJ/nJfcjHNopN3R66XXULRM=,viOY4Fof71hCVwXJOIHooUetcXk=
-16,3,MP3SAUUMf2RAHQk4thAD4VGrDoY=,C3o2l4OamIz4WQuOhwDPPFrvlR4=
-16,4,MP3SAUUMf2RAHQk4thAD4VGrDoY=,viOY4Fof71hCVwXJOIHooUetcXk=
-16,5,j+6StJ/nJfcjHNopN3R66XXULRM=,viOY4Fof71hCVwXJOIHooUetcXk=
-16,6,j+6StJ/nJfcjHNopN3R66XXULRM=,viOY4Fof71hCVwXJOIHooUetcXk=
-16,0,MP3SAUUMf2RAHQk4thAD4VGrDoY=,C3o2l4OamIz4WQuOhwDPPFrvlR4=
-1,15,MP3SAUUMf2RAHQk4thAD4VGrDoY=,dCTyXx5XG05TR1r1wpec+ILbLwo=
-16,15,MP3SAUUMf2RAHQk4thAD4VGrDoY=,QVb8v7MmghYew92ojRInDFZm6Rw=
-7,21,oTwA6U2s0GF/aRZbsVU47vCyNJg=,ObbRsZH66bgFGariDpq3duh22/c=
-7,22,oTwA6U2s0GF/aRZbsVU47vCyNJg=,ObbRsZH66bgFGariDpq3duh22/c=
-6,21,oTwA6U2s0GF/aRZbsVU47vCyNJg=,ObbRsZH66bgFGariDpq3duh22/c=
-6,22,oTwA6U2s0GF/aRZbsVU47vCyNJg=,ObbRsZH66bgFGariDpq3duh22/c=
-4,21,F/wDX2ITbdySv3sYpsTKnxtY3Ko=,n8MJ2dmN0T08Be/cMQIVRLjt8KE=
-3,22,F/wDX2ITbdySv3sYpsTKnxtY3Ko=,n8MJ2dmN0T08Be/cMQIVRLjt8KE=
-2,22,F/wDX2ITbdySv3sYpsTKnxtY3Ko=,n8MJ2dmN0T08Be/cMQIVRLjt8KE=
-5,21,F/wDX2ITbdySv3sYpsTKnxtY3Ko=,ObbRsZH66bgFGariDpq3duh22/c=
-4,22,F/wDX2ITbdySv3sYpsTKnxtY3Ko=,n8MJ2dmN0T08Be/cMQIVRLjt8KE=
-2,21,F/wDX2ITbdySv3sYpsTKnxtY3Ko=,n8MJ2dmN0T08Be/cMQIVRLjt8KE=
-5,22,F/wDX2ITbdySv3sYpsTKnxtY3Ko=,ObbRsZH66bgFGariDpq3duh22/c=
-3,21,F/wDX2ITbdySv3sYpsTKnxtY3Ko=,n8MJ2dmN0T08Be/cMQIVRLjt8KE=
-7,20,oTwA6U2s0GF/aRZbsVU47vCyNJg=,ObbRsZH66bgFGariDpq3duh22/c=
-6,20,oTwA6U2s0GF/aRZbsVU47vCyNJg=,ObbRsZH66bgFGariDpq3duh22/c=
-5,20,F/wDX2ITbdySv3sYpsTKnxtY3Ko=,ObbRsZH66bgFGariDpq3duh22/c=
-2,20,F/wDX2ITbdySv3sYpsTKnxtY3Ko=,n8MJ2dmN0T08Be/cMQIVRLjt8KE=
-3,20,F/wDX2ITbdySv3sYpsTKnxtY3Ko=,n8MJ2dmN0T08Be/cMQIVRLjt8KE=
-4,20,F/wDX2ITbdySv3sYpsTKnxtY3Ko=,n8MJ2dmN0T08Be/cMQIVRLjt8KE=
-3,23,txT9XIfN+ha0PQ3QXyDgNXfOr9M=,n8MJ2dmN0T08Be/cMQIVRLjt8KE=
-2,23,txT9XIfN+ha0PQ3QXyDgNXfOr9M=,n8MJ2dmN0T08Be/cMQIVRLjt8KE=
-2,26,0p+SeZC9TwFt+qIUYZhuhfy206A=,miwEh1yLumdnrJc/mITmA6877BM=
-3,24,0p+SeZC9TwFt+qIUYZhuhfy206A=,miwEh1yLumdnrJc/mITmA6877BM=
-2,24,0p+SeZC9TwFt+qIUYZhuhfy206A=,miwEh1yLumdnrJc/mITmA6877BM=
-3,25,0p+SeZC9TwFt+qIUYZhuhfy206A=,miwEh1yLumdnrJc/mITmA6877BM=
-2,25,0p+SeZC9TwFt+qIUYZhuhfy206A=,miwEh1yLumdnrJc/mITmA6877BM=
-3,26,0p+SeZC9TwFt+qIUYZhuhfy206A=,miwEh1yLumdnrJc/mITmA6877BM=
-7,29,0p+SeZC9TwFt+qIUYZhuhfy206A=,hdLJu0UCL9c1wB6LWzN4S3qkjRQ=
-6,29,0p+SeZC9TwFt+qIUYZhuhfy206A=,hdLJu0UCL9c1wB6LWzN4S3qkjRQ=
-7,30,0p+SeZC9TwFt+qIUYZhuhfy206A=,hdLJu0UCL9c1wB6LWzN4S3qkjRQ=
-6,30,0p+SeZC9TwFt+qIUYZhuhfy206A=,hdLJu0UCL9c1wB6LWzN4S3qkjRQ=
-7,27,0p+SeZC9TwFt+qIUYZhuhfy206A=,hdLJu0UCL9c1wB6LWzN4S3qkjRQ=
-7,28,0p+SeZC9TwFt+qIUYZhuhfy206A=,hdLJu0UCL9c1wB6LWzN4S3qkjRQ=
-6,24,0p+SeZC9TwFt+qIUYZhuhfy206A=,hdLJu0UCL9c1wB6LWzN4S3qkjRQ=
-7,26,0p+SeZC9TwFt+qIUYZhuhfy206A=,hdLJu0UCL9c1wB6LWzN4S3qkjRQ=
-4,23,txT9XIfN+ha0PQ3QXyDgNXfOr9M=,n8MJ2dmN0T08Be/cMQIVRLjt8KE=
-7,25,QJn8OpzNZzi7D/QTzH4H0QH9uPw=,hdLJu0UCL9c1wB6LWzN4S3qkjRQ=
-6,27,QJn8OpzNZzi7D/QTzH4H0QH9uPw=,hdLJu0UCL9c1wB6LWzN4S3qkjRQ=
-6,25,QJn8OpzNZzi7D/QTzH4H0QH9uPw=,hdLJu0UCL9c1wB6LWzN4S3qkjRQ=
-4,26,QJn8OpzNZzi7D/QTzH4H0QH9uPw=,miwEh1yLumdnrJc/mITmA6877BM=
-7,24,QJn8OpzNZzi7D/QTzH4H0QH9uPw=,hdLJu0UCL9c1wB6LWzN4S3qkjRQ=
-4,24,QJn8OpzNZzi7D/QTzH4H0QH9uPw=,miwEh1yLumdnrJc/mITmA6877BM=
-6,26,QJn8OpzNZzi7D/QTzH4H0QH9uPw=,hdLJu0UCL9c1wB6LWzN4S3qkjRQ=
-6,28,QJn8OpzNZzi7D/QTzH4H0QH9uPw=,hdLJu0UCL9c1wB6LWzN4S3qkjRQ=
-5,24,QJn8OpzNZzi7D/QTzH4H0QH9uPw=,hdLJu0UCL9c1wB6LWzN4S3qkjRQ=
-5,25,QJn8OpzNZzi7D/QTzH4H0QH9uPw=,hdLJu0UCL9c1wB6LWzN4S3qkjRQ=
-4,25,QJn8OpzNZzi7D/QTzH4H0QH9uPw=,miwEh1yLumdnrJc/mITmA6877BM=
-6,23,txT9XIfN+ha0PQ3QXyDgNXfOr9M=,ObbRsZH66bgFGariDpq3duh22/c=
-7,23,txT9XIfN+ha0PQ3QXyDgNXfOr9M=,ObbRsZH66bgFGariDpq3duh22/c=
-5,23,txT9XIfN+ha0PQ3QXyDgNXfOr9M=,ObbRsZH66bgFGariDpq3duh22/c=
-5,26,QJn8OpzNZzi7D/QTzH4H0QH9uPw=,hdLJu0UCL9c1wB6LWzN4S3qkjRQ=
-5,30,QJn8OpzNZzi7D/QTzH4H0QH9uPw=,hdLJu0UCL9c1wB6LWzN4S3qkjRQ=
-2,28,QJn8OpzNZzi7D/QTzH4H0QH9uPw=,miwEh1yLumdnrJc/mITmA6877BM=
-3,28,QJn8OpzNZzi7D/QTzH4H0QH9uPw=,miwEh1yLumdnrJc/mITmA6877BM=
-4,29,QJn8OpzNZzi7D/QTzH4H0QH9uPw=,miwEh1yLumdnrJc/mITmA6877BM=
-2,30,QJn8OpzNZzi7D/QTzH4H0QH9uPw=,miwEh1yLumdnrJc/mITmA6877BM=
-3,29,QJn8OpzNZzi7D/QTzH4H0QH9uPw=,miwEh1yLumdnrJc/mITmA6877BM=
-4,28,QJn8OpzNZzi7D/QTzH4H0QH9uPw=,miwEh1yLumdnrJc/mITmA6877BM=
-5,28,QJn8OpzNZzi7D/QTzH4H0QH9uPw=,hdLJu0UCL9c1wB6LWzN4S3qkjRQ=
-4,30,QJn8OpzNZzi7D/QTzH4H0QH9uPw=,miwEh1yLumdnrJc/mITmA6877BM=
-3,30,QJn8OpzNZzi7D/QTzH4H0QH9uPw=,miwEh1yLumdnrJc/mITmA6877BM=
-4,27,QJn8OpzNZzi7D/QTzH4H0QH9uPw=,miwEh1yLumdnrJc/mITmA6877BM=
-5,29,QJn8OpzNZzi7D/QTzH4H0QH9uPw=,hdLJu0UCL9c1wB6LWzN4S3qkjRQ=
-2,29,QJn8OpzNZzi7D/QTzH4H0QH9uPw=,miwEh1yLumdnrJc/mITmA6877BM=
-2,27,QJn8OpzNZzi7D/QTzH4H0QH9uPw=,miwEh1yLumdnrJc/mITmA6877BM=
-5,27,QJn8OpzNZzi7D/QTzH4H0QH9uPw=,hdLJu0UCL9c1wB6LWzN4S3qkjRQ=
-3,27,QJn8OpzNZzi7D/QTzH4H0QH9uPw=,miwEh1yLumdnrJc/mITmA6877BM=
-1,25,QJn8OpzNZzi7D/QTzH4H0QH9uPw=,miwEh1yLumdnrJc/mITmA6877BM=
-1,26,QJn8OpzNZzi7D/QTzH4H0QH9uPw=,miwEh1yLumdnrJc/mITmA6877BM=
-1,27,QJn8OpzNZzi7D/QTzH4H0QH9uPw=,miwEh1yLumdnrJc/mITmA6877BM=
-1,28,QJn8OpzNZzi7D/QTzH4H0QH9uPw=,miwEh1yLumdnrJc/mITmA6877BM=
-1,29,QJn8OpzNZzi7D/QTzH4H0QH9uPw=,miwEh1yLumdnrJc/mITmA6877BM=
-1,30,QJn8OpzNZzi7D/QTzH4H0QH9uPw=,miwEh1yLumdnrJc/mITmA6877BM=
-1,23,txT9XIfN+ha0PQ3QXyDgNXfOr9M=,n8MJ2dmN0T08Be/cMQIVRLjt8KE=
-1,21,F/wDX2ITbdySv3sYpsTKnxtY3Ko=,n8MJ2dmN0T08Be/cMQIVRLjt8KE=
-1,24,QJn8OpzNZzi7D/QTzH4H0QH9uPw=,miwEh1yLumdnrJc/mITmA6877BM=
-1,22,F/wDX2ITbdySv3sYpsTKnxtY3Ko=,n8MJ2dmN0T08Be/cMQIVRLjt8KE=
-1,20,F/wDX2ITbdySv3sYpsTKnxtY3Ko=,n8MJ2dmN0T08Be/cMQIVRLjt8KE=
-8,29,QJn8OpzNZzi7D/QTzH4H0QH9uPw=,hdLJu0UCL9c1wB6LWzN4S3qkjRQ=
-8,30,QJn8OpzNZzi7D/QTzH4H0QH9uPw=,hdLJu0UCL9c1wB6LWzN4S3qkjRQ=
-8,28,QJn8OpzNZzi7D/QTzH4H0QH9uPw=,hdLJu0UCL9c1wB6LWzN4S3qkjRQ=
-8,27,QJn8OpzNZzi7D/QTzH4H0QH9uPw=,hdLJu0UCL9c1wB6LWzN4S3qkjRQ=
-8,26,QJn8OpzNZzi7D/QTzH4H0QH9uPw=,hdLJu0UCL9c1wB6LWzN4S3qkjRQ=
-8,25,QJn8OpzNZzi7D/QTzH4H0QH9uPw=,hdLJu0UCL9c1wB6LWzN4S3qkjRQ=
-8,24,REJhuDvlsv7Go1H6kflcXHtP1tw=,hdLJu0UCL9c1wB6LWzN4S3qkjRQ=
-8,21,oTwA6U2s0GF/aRZbsVU47vCyNJg=,ObbRsZH66bgFGariDpq3duh22/c=
-8,22,oTwA6U2s0GF/aRZbsVU47vCyNJg=,ObbRsZH66bgFGariDpq3duh22/c=
-8,20,oTwA6U2s0GF/aRZbsVU47vCyNJg=,ObbRsZH66bgFGariDpq3duh22/c=
-8,23,txT9XIfN+ha0PQ3QXyDgNXfOr9M=,ObbRsZH66bgFGariDpq3duh22/c=
-7,31,REJhuDvlsv7Go1H6kflcXHtP1tw=,hdLJu0UCL9c1wB6LWzN4S3qkjRQ=
-6,31,REJhuDvlsv7Go1H6kflcXHtP1tw=,hdLJu0UCL9c1wB6LWzN4S3qkjRQ=
-5,31,REJhuDvlsv7Go1H6kflcXHtP1tw=,hdLJu0UCL9c1wB6LWzN4S3qkjRQ=
-4,31,REJhuDvlsv7Go1H6kflcXHtP1tw=,miwEh1yLumdnrJc/mITmA6877BM=
-2,31,REJhuDvlsv7Go1H6kflcXHtP1tw=,miwEh1yLumdnrJc/mITmA6877BM=
-3,31,REJhuDvlsv7Go1H6kflcXHtP1tw=,miwEh1yLumdnrJc/mITmA6877BM=
-1,31,REJhuDvlsv7Go1H6kflcXHtP1tw=,miwEh1yLumdnrJc/mITmA6877BM=
-8,31,REJhuDvlsv7Go1H6kflcXHtP1tw=,hdLJu0UCL9c1wB6LWzN4S3qkjRQ=
-18,14,HYG8WTIXzEku4zQNENzl+HGzRo8=,Re1PwbZWut11sMELH1v3NNzLn4E=
-19,4,HYG8WTIXzEku4zQNENzl+HGzRo8=,Re1PwbZWut11sMELH1v3NNzLn4E=
-20,14,HYG8WTIXzEku4zQNENzl+HGzRo8=,Re1PwbZWut11sMELH1v3NNzLn4E=
-20,13,HYG8WTIXzEku4zQNENzl+HGzRo8=,Re1PwbZWut11sMELH1v3NNzLn4E=
-18,4,HYG8WTIXzEku4zQNENzl+HGzRo8=,Re1PwbZWut11sMELH1v3NNzLn4E=
-20,5,HYG8WTIXzEku4zQNENzl+HGzRo8=,Re1PwbZWut11sMELH1v3NNzLn4E=
-19,5,HYG8WTIXzEku4zQNENzl+HGzRo8=,Re1PwbZWut11sMELH1v3NNzLn4E=
-18,5,HYG8WTIXzEku4zQNENzl+HGzRo8=,Re1PwbZWut11sMELH1v3NNzLn4E=
-17,5,HYG8WTIXzEku4zQNENzl+HGzRo8=,Re1PwbZWut11sMELH1v3NNzLn4E=
-20,6,HYG8WTIXzEku4zQNENzl+HGzRo8=,Re1PwbZWut11sMELH1v3NNzLn4E=
-19,6,HYG8WTIXzEku4zQNENzl+HGzRo8=,Re1PwbZWut11sMELH1v3NNzLn4E=
-17,6,HYG8WTIXzEku4zQNENzl+HGzRo8=,Re1PwbZWut11sMELH1v3NNzLn4E=
-18,6,HYG8WTIXzEku4zQNENzl+HGzRo8=,Re1PwbZWut11sMELH1v3NNzLn4E=
-19,14,HYG8WTIXzEku4zQNENzl+HGzRo8=,Re1PwbZWut11sMELH1v3NNzLn4E=
-18,13,HYG8WTIXzEku4zQNENzl+HGzRo8=,Re1PwbZWut11sMELH1v3NNzLn4E=
-19,13,HYG8WTIXzEku4zQNENzl+HGzRo8=,Re1PwbZWut11sMELH1v3NNzLn4E=
-19,10,HYG8WTIXzEku4zQNENzl+HGzRo8=,QdJoF5eSqD4ntXHjgslooAcGpso=
-20,8,HYG8WTIXzEku4zQNENzl+HGzRo8=,QdJoF5eSqD4ntXHjgslooAcGpso=
-20,7,HYG8WTIXzEku4zQNENzl+HGzRo8=,Re1PwbZWut11sMELH1v3NNzLn4E=
-19,7,HYG8WTIXzEku4zQNENzl+HGzRo8=,Re1PwbZWut11sMELH1v3NNzLn4E=
-18,12,HYG8WTIXzEku4zQNENzl+HGzRo8=,Re1PwbZWut11sMELH1v3NNzLn4E=
-18,8,HYG8WTIXzEku4zQNENzl+HGzRo8=,QdJoF5eSqD4ntXHjgslooAcGpso=
-19,11,HYG8WTIXzEku4zQNENzl+HGzRo8=,QdJoF5eSqD4ntXHjgslooAcGpso=
-17,7,HYG8WTIXzEku4zQNENzl+HGzRo8=,Re1PwbZWut11sMELH1v3NNzLn4E=
-19,12,HYG8WTIXzEku4zQNENzl+HGzRo8=,Re1PwbZWut11sMELH1v3NNzLn4E=
-18,10,HYG8WTIXzEku4zQNENzl+HGzRo8=,QdJoF5eSqD4ntXHjgslooAcGpso=
-20,11,HYG8WTIXzEku4zQNENzl+HGzRo8=,QdJoF5eSqD4ntXHjgslooAcGpso=
-18,9,HYG8WTIXzEku4zQNENzl+HGzRo8=,QdJoF5eSqD4ntXHjgslooAcGpso=
-20,12,HYG8WTIXzEku4zQNENzl+HGzRo8=,Re1PwbZWut11sMELH1v3NNzLn4E=
-19,9,HYG8WTIXzEku4zQNENzl+HGzRo8=,QdJoF5eSqD4ntXHjgslooAcGpso=
-20,10,HYG8WTIXzEku4zQNENzl+HGzRo8=,QdJoF5eSqD4ntXHjgslooAcGpso=
-18,7,HYG8WTIXzEku4zQNENzl+HGzRo8=,Re1PwbZWut11sMELH1v3NNzLn4E=
-20,9,HYG8WTIXzEku4zQNENzl+HGzRo8=,QdJoF5eSqD4ntXHjgslooAcGpso=
-18,11,HYG8WTIXzEku4zQNENzl+HGzRo8=,QdJoF5eSqD4ntXHjgslooAcGpso=
-17,8,HYG8WTIXzEku4zQNENzl+HGzRo8=,QdJoF5eSqD4ntXHjgslooAcGpso=
-19,8,HYG8WTIXzEku4zQNENzl+HGzRo8=,QdJoF5eSqD4ntXHjgslooAcGpso=
-17,10,HYG8WTIXzEku4zQNENzl+HGzRo8=,QdJoF5eSqD4ntXHjgslooAcGpso=
-17,9,HYG8WTIXzEku4zQNENzl+HGzRo8=,QdJoF5eSqD4ntXHjgslooAcGpso=
-18,15,HYG8WTIXzEku4zQNENzl+HGzRo8=,Re1PwbZWut11sMELH1v3NNzLn4E=
-19,15,HYG8WTIXzEku4zQNENzl+HGzRo8=,Re1PwbZWut11sMELH1v3NNzLn4E=
-20,15,HYG8WTIXzEku4zQNENzl+HGzRo8=,Re1PwbZWut11sMELH1v3NNzLn4E=
-17,4,HYG8WTIXzEku4zQNENzl+HGzRo8=,Re1PwbZWut11sMELH1v3NNzLn4E=
-17,12,HYG8WTIXzEku4zQNENzl+HGzRo8=,Re1PwbZWut11sMELH1v3NNzLn4E=
-17,13,HYG8WTIXzEku4zQNENzl+HGzRo8=,Re1PwbZWut11sMELH1v3NNzLn4E=
-17,15,HYG8WTIXzEku4zQNENzl+HGzRo8=,Re1PwbZWut11sMELH1v3NNzLn4E=
-17,14,HYG8WTIXzEku4zQNENzl+HGzRo8=,Re1PwbZWut11sMELH1v3NNzLn4E=
-17,11,HYG8WTIXzEku4zQNENzl+HGzRo8=,QdJoF5eSqD4ntXHjgslooAcGpso=
-20,4,HYG8WTIXzEku4zQNENzl+HGzRo8=,Re1PwbZWut11sMELH1v3NNzLn4E=
-10,22,HYG8WTIXzEku4zQNENzl+HGzRo8=,ObbRsZH66bgFGariDpq3duh22/c=
-11,22,HYG8WTIXzEku4zQNENzl+HGzRo8=,ObbRsZH66bgFGariDpq3duh22/c=
-10,21,HYG8WTIXzEku4zQNENzl+HGzRo8=,ObbRsZH66bgFGariDpq3duh22/c=
-11,21,HYG8WTIXzEku4zQNENzl+HGzRo8=,ObbRsZH66bgFGariDpq3duh22/c=
-10,20,IgfV6Toua308tSRZ22d7nNYjdpI=,ObbRsZH66bgFGariDpq3duh22/c=
-11,20,IgfV6Toua308tSRZ22d7nNYjdpI=,ObbRsZH66bgFGariDpq3duh22/c=
-9,22,oTwA6U2s0GF/aRZbsVU47vCyNJg=,ObbRsZH66bgFGariDpq3duh22/c=
-9,21,oTwA6U2s0GF/aRZbsVU47vCyNJg=,ObbRsZH66bgFGariDpq3duh22/c=
-9,20,oTwA6U2s0GF/aRZbsVU47vCyNJg=,ObbRsZH66bgFGariDpq3duh22/c=
-12,21,F/wDX2ITbdySv3sYpsTKnxtY3Ko=,ObbRsZH66bgFGariDpq3duh22/c=
-12,20,F/wDX2ITbdySv3sYpsTKnxtY3Ko=,ObbRsZH66bgFGariDpq3duh22/c=
-12,22,txT9XIfN+ha0PQ3QXyDgNXfOr9M=,ObbRsZH66bgFGariDpq3duh22/c=
-11,23,txT9XIfN+ha0PQ3QXyDgNXfOr9M=,ObbRsZH66bgFGariDpq3duh22/c=
-10,23,txT9XIfN+ha0PQ3QXyDgNXfOr9M=,ObbRsZH66bgFGariDpq3duh22/c=
-9,23,txT9XIfN+ha0PQ3QXyDgNXfOr9M=,ObbRsZH66bgFGariDpq3duh22/c=
-12,23,txT9XIfN+ha0PQ3QXyDgNXfOr9M=,ObbRsZH66bgFGariDpq3duh22/c=
