121,-175,0NtoKhqQhFpBGXNEIox3sjgc5wg=,f1IXMQK3XV5uxKvsBDwyVt73mfE=
126,-170,D75dU/vnLNdFXGQsPRwrV/1EPw8=,f1IXMQK3XV5uxKvsBDwyVt73mfE=
124,-170,D75dU/vnLNdFXGQsPRwrV/1EPw8=,f1IXMQK3XV5uxKvsBDwyVt73mfE=
125,-170,D75dU/vnLNdFXGQsPRwrV/1EPw8=,f1IXMQK3XV5uxKvsBDwyVt73mfE=
123,-170,D75dU/vnLNdFXGQsPRwrV/1EPw8=,f1IXMQK3XV5uxKvsBDwyVt73mfE=
122,-170,D75dU/vnLNdFXGQsPRwrV/1EPw8=,f1IXMQK3XV5uxKvsBDwyVt73mfE=
126,-171,D75dU/vnLNdFXGQsPRwrV/1EPw8=,f1IXMQK3XV5uxKvsBDwyVt73mfE=
125,-171,D75dU/vnLNdFXGQsPRwrV/1EPw8=,f1IXMQK3XV5uxKvsBDwyVt73mfE=
124,-171,mdBbuPqCdX2YlCw7YOa6mCQ7X9E=,f1IXMQK3XV5uxKvsBDwyVt73mfE=
122,-171,mdBbuPqCdX2YlCw7YOa6mCQ7X9E=,f1IXMQK3XV5uxKvsBDwyVt73mfE=
126,-172,mdBbuPqCdX2YlCw7YOa6mCQ7X9E=,f1IXMQK3XV5uxKvsBDwyVt73mfE=
123,-171,mdBbuPqCdX2YlCw7YOa6mCQ7X9E=,f1IXMQK3XV5uxKvsBDwyVt73mfE=
125,-172,mdBbuPqCdX2YlCw7YOa6mCQ7X9E=,f1IXMQK3XV5uxKvsBDwyVt73mfE=
124,-172,mdBbuPqCdX2YlCw7YOa6mCQ7X9E=,f1IXMQK3XV5uxKvsBDwyVt73mfE=
123,-172,ctYpaz6XPCsf55KNxB748+rDyJE=,f1IXMQK3XV5uxKvsBDwyVt73mfE=
121,-172,IYrarVWVyj+YfEO6MflwnQsTNIE=,f1IXMQK3XV5uxKvsBDwyVt73mfE=
122,-172,IYrarVWVyj+YfEO6MflwnQsTNIE=,f1IXMQK3XV5uxKvsBDwyVt73mfE=
126,-173,IYrarVWVyj+YfEO6MflwnQsTNIE=,f1IXMQK3XV5uxKvsBDwyVt73mfE=
125,-173,IYrarVWVyj+YfEO6MflwnQsTNIE=,f1IXMQK3XV5uxKvsBDwyVt73mfE=
124,-173,IYrarVWVyj+YfEO6MflwnQsTNIE=,f1IXMQK3XV5uxKvsBDwyVt73mfE=
123,-173,IYrarVWVyj+YfEO6MflwnQsTNIE=,f1IXMQK3XV5uxKvsBDwyVt73mfE=
122,-173,IYrarVWVyj+YfEO6MflwnQsTNIE=,f1IXMQK3XV5uxKvsBDwyVt73mfE=
121,-173,IYrarVWVyj+YfEO6MflwnQsTNIE=,f1IXMQK3XV5uxKvsBDwyVt73mfE=
126,-174,IYrarVWVyj+YfEO6MflwnQsTNIE=,f1IXMQK3XV5uxKvsBDwyVt73mfE=
125,-174,IYrarVWVyj+YfEO6MflwnQsTNIE=,f1IXMQK3XV5uxKvsBDwyVt73mfE=
124,-174,IYrarVWVyj+YfEO6MflwnQsTNIE=,f1IXMQK3XV5uxKvsBDwyVt73mfE=
123,-174,IYrarVWVyj+YfEO6MflwnQsTNIE=,f1IXMQK3XV5uxKvsBDwyVt73mfE=
122,-174,IYrarVWVyj+YfEO6MflwnQsTNIE=,f1IXMQK3XV5uxKvsBDwyVt73mfE=
121,-174,IYrarVWVyj+YfEO6MflwnQsTNIE=,f1IXMQK3XV5uxKvsBDwyVt73mfE=
125,-175,IYrarVWVyj+YfEO6MflwnQsTNIE=,f1IXMQK3XV5uxKvsBDwyVt73mfE=
126,-175,IYrarVWVyj+YfEO6MflwnQsTNIE=,f1IXMQK3XV5uxKvsBDwyVt73mfE=
123,-175,IYrarVWVyj+YfEO6MflwnQsTNIE=,f1IXMQK3XV5uxKvsBDwyVt73mfE=
124,-175,IYrarVWVyj+YfEO6MflwnQsTNIE=,f1IXMQK3XV5uxKvsBDwyVt73mfE=
122,-175,IYrarVWVyj+YfEO6MflwnQsTNIE=,f1IXMQK3XV5uxKvsBDwyVt73mfE=
121,-170,IYrarVWVyj+YfEO6MflwnQsTNIE=,f1IXMQK3XV5uxKvsBDwyVt73mfE=
121,-171,IYrarVWVyj+YfEO6MflwnQsTNIE=,f1IXMQK3XV5uxKvsBDwyVt73mfE=
124,-169,IYrarVWVyj+YfEO6MflwnQsTNIE=,f1IXMQK3XV5uxKvsBDwyVt73mfE=
125,-169,IYrarVWVyj+YfEO6MflwnQsTNIE=,f1IXMQK3XV5uxKvsBDwyVt73mfE=
126,-163,IYrarVWVyj+YfEO6MflwnQsTNIE=,f1IXMQK3XV5uxKvsBDwyVt73mfE=
126,-169,IYrarVWVyj+YfEO6MflwnQsTNIE=,f1IXMQK3XV5uxKvsBDwyVt73mfE=
122,-168,IYrarVWVyj+YfEO6MflwnQsTNIE=,f1IXMQK3XV5uxKvsBDwyVt73mfE=
123,-168,IYrarVWVyj+YfEO6MflwnQsTNIE=,f1IXMQK3XV5uxKvsBDwyVt73mfE=
124,-168,IYrarVWVyj+YfEO6MflwnQsTNIE=,f1IXMQK3XV5uxKvsBDwyVt73mfE=
125,-168,IYrarVWVyj+YfEO6MflwnQsTNIE=,f1IXMQK3XV5uxKvsBDwyVt73mfE=
126,-168,IYrarVWVyj+YfEO6MflwnQsTNIE=,f1IXMQK3XV5uxKvsBDwyVt73mfE=
121,-168,IYrarVWVyj+YfEO6MflwnQsTNIE=,f1IXMQK3XV5uxKvsBDwyVt73mfE=
121,-166,IYrarVWVyj+YfEO6MflwnQsTNIE=,f1IXMQK3XV5uxKvsBDwyVt73mfE=
124,-162,IYrarVWVyj+YfEO6MflwnQsTNIE=,f1IXMQK3XV5uxKvsBDwyVt73mfE=
123,-162,IYrarVWVyj+YfEO6MflwnQsTNIE=,f1IXMQK3XV5uxKvsBDwyVt73mfE=
125,-162,IYrarVWVyj+YfEO6MflwnQsTNIE=,f1IXMQK3XV5uxKvsBDwyVt73mfE=
123,-169,IYrarVWVyj+YfEO6MflwnQsTNIE=,f1IXMQK3XV5uxKvsBDwyVt73mfE=
122,-169,IYrarVWVyj+YfEO6MflwnQsTNIE=,f1IXMQK3XV5uxKvsBDwyVt73mfE=
126,-165,IYrarVWVyj+YfEO6MflwnQsTNIE=,f1IXMQK3XV5uxKvsBDwyVt73mfE=
125,-163,IYrarVWVyj+YfEO6MflwnQsTNIE=,f1IXMQK3XV5uxKvsBDwyVt73mfE=
122,-162,IYrarVWVyj+YfEO6MflwnQsTNIE=,f1IXMQK3XV5uxKvsBDwyVt73mfE=
121,-162,IYrarVWVyj+YfEO6MflwnQsTNIE=,f1IXMQK3XV5uxKvsBDwyVt73mfE=
124,-163,IYrarVWVyj+YfEO6MflwnQsTNIE=,f1IXMQK3XV5uxKvsBDwyVt73mfE=
125,-165,IYrarVWVyj+YfEO6MflwnQsTNIE=,f1IXMQK3XV5uxKvsBDwyVt73mfE=
126,-164,IYrarVWVyj+YfEO6MflwnQsTNIE=,f1IXMQK3XV5uxKvsBDwyVt73mfE=
124,-165,IYrarVWVyj+YfEO6MflwnQsTNIE=,f1IXMQK3XV5uxKvsBDwyVt73mfE=
126,-162,IYrarVWVyj+YfEO6MflwnQsTNIE=,f1IXMQK3XV5uxKvsBDwyVt73mfE=
125,-164,IYrarVWVyj+YfEO6MflwnQsTNIE=,f1IXMQK3XV5uxKvsBDwyVt73mfE=
124,-164,IYrarVWVyj+YfEO6MflwnQsTNIE=,f1IXMQK3XV5uxKvsBDwyVt73mfE=
123,-165,IYrarVWVyj+YfEO6MflwnQsTNIE=,f1IXMQK3XV5uxKvsBDwyVt73mfE=
126,-166,IYrarVWVyj+YfEO6MflwnQsTNIE=,f1IXMQK3XV5uxKvsBDwyVt73mfE=
123,-163,IYrarVWVyj+YfEO6MflwnQsTNIE=,f1IXMQK3XV5uxKvsBDwyVt73mfE=
122,-165,IYrarVWVyj+YfEO6MflwnQsTNIE=,f1IXMQK3XV5uxKvsBDwyVt73mfE=
122,-163,IYrarVWVyj+YfEO6MflwnQsTNIE=,f1IXMQK3XV5uxKvsBDwyVt73mfE=
121,-165,IYrarVWVyj+YfEO6MflwnQsTNIE=,f1IXMQK3XV5uxKvsBDwyVt73mfE=
121,-169,IYrarVWVyj+YfEO6MflwnQsTNIE=,f1IXMQK3XV5uxKvsBDwyVt73mfE=
125,-166,IYrarVWVyj+YfEO6MflwnQsTNIE=,f1IXMQK3XV5uxKvsBDwyVt73mfE=
123,-164,IYrarVWVyj+YfEO6MflwnQsTNIE=,f1IXMQK3XV5uxKvsBDwyVt73mfE=
126,-167,IYrarVWVyj+YfEO6MflwnQsTNIE=,f1IXMQK3XV5uxKvsBDwyVt73mfE=
125,-167,IYrarVWVyj+YfEO6MflwnQsTNIE=,f1IXMQK3XV5uxKvsBDwyVt73mfE=
124,-167,IYrarVWVyj+YfEO6MflwnQsTNIE=,f1IXMQK3XV5uxKvsBDwyVt73mfE=
124,-166,IYrarVWVyj+YfEO6MflwnQsTNIE=,f1IXMQK3XV5uxKvsBDwyVt73mfE=
123,-167,IYrarVWVyj+YfEO6MflwnQsTNIE=,f1IXMQK3XV5uxKvsBDwyVt73mfE=
122,-167,IYrarVWVyj+YfEO6MflwnQsTNIE=,f1IXMQK3XV5uxKvsBDwyVt73mfE=
123,-166,IYrarVWVyj+YfEO6MflwnQsTNIE=,f1IXMQK3XV5uxKvsBDwyVt73mfE=
122,-166,IYrarVWVyj+YfEO6MflwnQsTNIE=,f1IXMQK3XV5uxKvsBDwyVt73mfE=
121,-164,IYrarVWVyj+YfEO6MflwnQsTNIE=,f1IXMQK3XV5uxKvsBDwyVt73mfE=
122,-164,IYrarVWVyj+YfEO6MflwnQsTNIE=,f1IXMQK3XV5uxKvsBDwyVt73mfE=
121,-167,IYrarVWVyj+YfEO6MflwnQsTNIE=,f1IXMQK3XV5uxKvsBDwyVt73mfE=
121,-163,IYrarVWVyj+YfEO6MflwnQsTNIE=,f1IXMQK3XV5uxKvsBDwyVt73mfE=
116,-171,IYrarVWVyj+YfEO6MflwnQsTNIE=,f1IXMQK3XV5uxKvsBDwyVt73mfE=
115,-171,IYrarVWVyj+YfEO6MflwnQsTNIE=,f1IXMQK3XV5uxKvsBDwyVt73mfE=
114,-171,IYrarVWVyj+YfEO6MflwnQsTNIE=,f1IXMQK3XV5uxKvsBDwyVt73mfE=
117,-171,IYrarVWVyj+YfEO6MflwnQsTNIE=,f1IXMQK3XV5uxKvsBDwyVt73mfE=
120,-170,IYrarVWVyj+YfEO6MflwnQsTNIE=,f1IXMQK3XV5uxKvsBDwyVt73mfE=
113,-171,IYrarVWVyj+YfEO6MflwnQsTNIE=,f1IXMQK3XV5uxKvsBDwyVt73mfE=
118,-171,IYrarVWVyj+YfEO6MflwnQsTNIE=,f1IXMQK3XV5uxKvsBDwyVt73mfE=
120,-171,IYrarVWVyj+YfEO6MflwnQsTNIE=,f1IXMQK3XV5uxKvsBDwyVt73mfE=
119,-172,IYrarVWVyj+YfEO6MflwnQsTNIE=,f1IXMQK3XV5uxKvsBDwyVt73mfE=
119,-171,IYrarVWVyj+YfEO6MflwnQsTNIE=,f1IXMQK3XV5uxKvsBDwyVt73mfE=
118,-172,IYrarVWVyj+YfEO6MflwnQsTNIE=,f1IXMQK3XV5uxKvsBDwyVt73mfE=
117,-172,IYrarVWVyj+YfEO6MflwnQsTNIE=,f1IXMQK3XV5uxKvsBDwyVt73mfE=
116,-172,IYrarVWVyj+YfEO6MflwnQsTNIE=,f1IXMQK3XV5uxKvsBDwyVt73mfE=
113,-170,IYrarVWVyj+YfEO6MflwnQsTNIE=,f1IXMQK3XV5uxKvsBDwyVt73mfE=
115,-172,IYrarVWVyj+YfEO6MflwnQsTNIE=,f1IXMQK3XV5uxKvsBDwyVt73mfE=
114,-172,IYrarVWVyj+YfEO6MflwnQsTNIE=,f1IXMQK3XV5uxKvsBDwyVt73mfE=
119,-173,IYrarVWVyj+YfEO6MflwnQsTNIE=,f1IXMQK3XV5uxKvsBDwyVt73mfE=
118,-173,IYrarVWVyj+YfEO6MflwnQsTNIE=,f1IXMQK3XV5uxKvsBDwyVt73mfE=
117,-173,IYrarVWVyj+YfEO6MflwnQsTNIE=,f1IXMQK3XV5uxKvsBDwyVt73mfE=
116,-173,IYrarVWVyj+YfEO6MflwnQsTNIE=,f1IXMQK3XV5uxKvsBDwyVt73mfE=
114,-170,IYrarVWVyj+YfEO6MflwnQsTNIE=,f1IXMQK3XV5uxKvsBDwyVt73mfE=
113,-172,IYrarVWVyj+YfEO6MflwnQsTNIE=,f1IXMQK3XV5uxKvsBDwyVt73mfE=
120,-172,IYrarVWVyj+YfEO6MflwnQsTNIE=,f1IXMQK3XV5uxKvsBDwyVt73mfE=
115,-170,IYrarVWVyj+YfEO6MflwnQsTNIE=,f1IXMQK3XV5uxKvsBDwyVt73mfE=
115,-173,IYrarVWVyj+YfEO6MflwnQsTNIE=,f1IXMQK3XV5uxKvsBDwyVt73mfE=
114,-173,IYrarVWVyj+YfEO6MflwnQsTNIE=,f1IXMQK3XV5uxKvsBDwyVt73mfE=
113,-173,IYrarVWVyj+YfEO6MflwnQsTNIE=,f1IXMQK3XV5uxKvsBDwyVt73mfE=
119,-174,IYrarVWVyj+YfEO6MflwnQsTNIE=,f1IXMQK3XV5uxKvsBDwyVt73mfE=
118,-174,IYrarVWVyj+YfEO6MflwnQsTNIE=,f1IXMQK3XV5uxKvsBDwyVt73mfE=
117,-174,IYrarVWVyj+YfEO6MflwnQsTNIE=,f1IXMQK3XV5uxKvsBDwyVt73mfE=
116,-174,IYrarVWVyj+YfEO6MflwnQsTNIE=,f1IXMQK3XV5uxKvsBDwyVt73mfE=
115,-174,IYrarVWVyj+YfEO6MflwnQsTNIE=,f1IXMQK3XV5uxKvsBDwyVt73mfE=
114,-174,IYrarVWVyj+YfEO6MflwnQsTNIE=,f1IXMQK3XV5uxKvsBDwyVt73mfE=
113,-174,IYrarVWVyj+YfEO6MflwnQsTNIE=,f1IXMQK3XV5uxKvsBDwyVt73mfE=
119,-175,IYrarVWVyj+YfEO6MflwnQsTNIE=,f1IXMQK3XV5uxKvsBDwyVt73mfE=
118,-175,IYrarVWVyj+YfEO6MflwnQsTNIE=,f1IXMQK3XV5uxKvsBDwyVt73mfE=
117,-175,IYrarVWVyj+YfEO6MflwnQsTNIE=,f1IXMQK3XV5uxKvsBDwyVt73mfE=
116,-175,IYrarVWVyj+YfEO6MflwnQsTNIE=,f1IXMQK3XV5uxKvsBDwyVt73mfE=
115,-175,IYrarVWVyj+YfEO6MflwnQsTNIE=,f1IXMQK3XV5uxKvsBDwyVt73mfE=
114,-175,IYrarVWVyj+YfEO6MflwnQsTNIE=,f1IXMQK3XV5uxKvsBDwyVt73mfE=
113,-175,IYrarVWVyj+YfEO6MflwnQsTNIE=,f1IXMQK3XV5uxKvsBDwyVt73mfE=
120,-173,IYrarVWVyj+YfEO6MflwnQsTNIE=,f1IXMQK3XV5uxKvsBDwyVt73mfE=
120,-174,IYrarVWVyj+YfEO6MflwnQsTNIE=,f1IXMQK3XV5uxKvsBDwyVt73mfE=
120,-175,IYrarVWVyj+YfEO6MflwnQsTNIE=,f1IXMQK3XV5uxKvsBDwyVt73mfE=
116,-170,IYrarVWVyj+YfEO6MflwnQsTNIE=,f1IXMQK3XV5uxKvsBDwyVt73mfE=
119,-170,IYrarVWVyj+YfEO6MflwnQsTNIE=,f1IXMQK3XV5uxKvsBDwyVt73mfE=
118,-170,IYrarVWVyj+YfEO6MflwnQsTNIE=,f1IXMQK3XV5uxKvsBDwyVt73mfE=
117,-170,IYrarVWVyj+YfEO6MflwnQsTNIE=,f1IXMQK3XV5uxKvsBDwyVt73mfE=
120,-162,IYrarVWVyj+YfEO6MflwnQsTNIE=,f1IXMQK3XV5uxKvsBDwyVt73mfE=
115,-165,IYrarVWVyj+YfEO6MflwnQsTNIE=,f1IXMQK3XV5uxKvsBDwyVt73mfE=
120,-167,IYrarVWVyj+YfEO6MflwnQsTNIE=,f1IXMQK3XV5uxKvsBDwyVt73mfE=
114,-165,IYrarVWVyj+YfEO6MflwnQsTNIE=,f1IXMQK3XV5uxKvsBDwyVt73mfE=
116,-165,IYrarVWVyj+YfEO6MflwnQsTNIE=,f1IXMQK3XV5uxKvsBDwyVt73mfE=
119,-166,IYrarVWVyj+YfEO6MflwnQsTNIE=,f1IXMQK3XV5uxKvsBDwyVt73mfE=
113,-165,IYrarVWVyj+YfEO6MflwnQsTNIE=,f1IXMQK3XV5uxKvsBDwyVt73mfE=
117,-165,IYrarVWVyj+YfEO6MflwnQsTNIE=,f1IXMQK3XV5uxKvsBDwyVt73mfE=
120,-169,IYrarVWVyj+YfEO6MflwnQsTNIE=,f1IXMQK3XV5uxKvsBDwyVt73mfE=
118,-165,IYrarVWVyj+YfEO6MflwnQsTNIE=,f1IXMQK3XV5uxKvsBDwyVt73mfE=
120,-163,IYrarVWVyj+YfEO6MflwnQsTNIE=,f1IXMQK3XV5uxKvsBDwyVt73mfE=
118,-166,IYrarVWVyj+YfEO6MflwnQsTNIE=,f1IXMQK3XV5uxKvsBDwyVt73mfE=
117,-166,IYrarVWVyj+YfEO6MflwnQsTNIE=,f1IXMQK3XV5uxKvsBDwyVt73mfE=
119,-165,IYrarVWVyj+YfEO6MflwnQsTNIE=,f1IXMQK3XV5uxKvsBDwyVt73mfE=
116,-166,IYrarVWVyj+YfEO6MflwnQsTNIE=,f1IXMQK3XV5uxKvsBDwyVt73mfE=
115,-166,IYrarVWVyj+YfEO6MflwnQsTNIE=,f1IXMQK3XV5uxKvsBDwyVt73mfE=
113,-164,IYrarVWVyj+YfEO6MflwnQsTNIE=,f1IXMQK3XV5uxKvsBDwyVt73mfE=
120,-164,IYrarVWVyj+YfEO6MflwnQsTNIE=,f1IXMQK3XV5uxKvsBDwyVt73mfE=
114,-166,IYrarVWVyj+YfEO6MflwnQsTNIE=,f1IXMQK3XV5uxKvsBDwyVt73mfE=
114,-164,IYrarVWVyj+YfEO6MflwnQsTNIE=,f1IXMQK3XV5uxKvsBDwyVt73mfE=
113,-166,IYrarVWVyj+YfEO6MflwnQsTNIE=,f1IXMQK3XV5uxKvsBDwyVt73mfE=
120,-165,IYrarVWVyj+YfEO6MflwnQsTNIE=,f1IXMQK3XV5uxKvsBDwyVt73mfE=
115,-164,IYrarVWVyj+YfEO6MflwnQsTNIE=,f1IXMQK3XV5uxKvsBDwyVt73mfE=
119,-162,IYrarVWVyj+YfEO6MflwnQsTNIE=,f1IXMQK3XV5uxKvsBDwyVt73mfE=
118,-162,IYrarVWVyj+YfEO6MflwnQsTNIE=,f1IXMQK3XV5uxKvsBDwyVt73mfE=
116,-164,IYrarVWVyj+YfEO6MflwnQsTNIE=,f1IXMQK3XV5uxKvsBDwyVt73mfE=
120,-166,IYrarVWVyj+YfEO6MflwnQsTNIE=,f1IXMQK3XV5uxKvsBDwyVt73mfE=
117,-162,IYrarVWVyj+YfEO6MflwnQsTNIE=,f1IXMQK3XV5uxKvsBDwyVt73mfE=
117,-164,IYrarVWVyj+YfEO6MflwnQsTNIE=,f1IXMQK3XV5uxKvsBDwyVt73mfE=
119,-167,IYrarVWVyj+YfEO6MflwnQsTNIE=,f1IXMQK3XV5uxKvsBDwyVt73mfE=
116,-162,IYrarVWVyj+YfEO6MflwnQsTNIE=,f1IXMQK3XV5uxKvsBDwyVt73mfE=
118,-164,IYrarVWVyj+YfEO6MflwnQsTNIE=,f1IXMQK3XV5uxKvsBDwyVt73mfE=
115,-162,IYrarVWVyj+YfEO6MflwnQsTNIE=,f1IXMQK3XV5uxKvsBDwyVt73mfE=
113,-169,IYrarVWVyj+YfEO6MflwnQsTNIE=,f1IXMQK3XV5uxKvsBDwyVt73mfE=
118,-167,IYrarVWVyj+YfEO6MflwnQsTNIE=,f1IXMQK3XV5uxKvsBDwyVt73mfE=
114,-162,IYrarVWVyj+YfEO6MflwnQsTNIE=,f1IXMQK3XV5uxKvsBDwyVt73mfE=
119,-164,IYrarVWVyj+YfEO6MflwnQsTNIE=,f1IXMQK3XV5uxKvsBDwyVt73mfE=
113,-162,IYrarVWVyj+YfEO6MflwnQsTNIE=,f1IXMQK3XV5uxKvsBDwyVt73mfE=
114,-169,IYrarVWVyj+YfEO6MflwnQsTNIE=,f1IXMQK3XV5uxKvsBDwyVt73mfE=
119,-163,IYrarVWVyj+YfEO6MflwnQsTNIE=,f1IXMQK3XV5uxKvsBDwyVt73mfE=
117,-167,IYrarVWVyj+YfEO6MflwnQsTNIE=,f1IXMQK3XV5uxKvsBDwyVt73mfE=
115,-169,IYrarVWVyj+YfEO6MflwnQsTNIE=,f1IXMQK3XV5uxKvsBDwyVt73mfE=
116,-167,IYrarVWVyj+YfEO6MflwnQsTNIE=,f1IXMQK3XV5uxKvsBDwyVt73mfE=
116,-169,IYrarVWVyj+YfEO6MflwnQsTNIE=,f1IXMQK3XV5uxKvsBDwyVt73mfE=
115,-167,IYrarVWVyj+YfEO6MflwnQsTNIE=,f1IXMQK3XV5uxKvsBDwyVt73mfE=
117,-169,IYrarVWVyj+YfEO6MflwnQsTNIE=,f1IXMQK3XV5uxKvsBDwyVt73mfE=
118,-169,IYrarVWVyj+YfEO6MflwnQsTNIE=,f1IXMQK3XV5uxKvsBDwyVt73mfE=
118,-163,IYrarVWVyj+YfEO6MflwnQsTNIE=,f1IXMQK3XV5uxKvsBDwyVt73mfE=
114,-167,IYrarVWVyj+YfEO6MflwnQsTNIE=,f1IXMQK3XV5uxKvsBDwyVt73mfE=
119,-169,IYrarVWVyj+YfEO6MflwnQsTNIE=,f1IXMQK3XV5uxKvsBDwyVt73mfE=
117,-163,IYrarVWVyj+YfEO6MflwnQsTNIE=,f1IXMQK3XV5uxKvsBDwyVt73mfE=
113,-163,IYrarVWVyj+YfEO6MflwnQsTNIE=,f1IXMQK3XV5uxKvsBDwyVt73mfE=
113,-167,IYrarVWVyj+YfEO6MflwnQsTNIE=,f1IXMQK3XV5uxKvsBDwyVt73mfE=
116,-163,IYrarVWVyj+YfEO6MflwnQsTNIE=,f1IXMQK3XV5uxKvsBDwyVt73mfE=
114,-163,IYrarVWVyj+YfEO6MflwnQsTNIE=,f1IXMQK3XV5uxKvsBDwyVt73mfE=
119,-168,IYrarVWVyj+YfEO6MflwnQsTNIE=,f1IXMQK3XV5uxKvsBDwyVt73mfE=
120,-168,IYrarVWVyj+YfEO6MflwnQsTNIE=,f1IXMQK3XV5uxKvsBDwyVt73mfE=
118,-168,IYrarVWVyj+YfEO6MflwnQsTNIE=,f1IXMQK3XV5uxKvsBDwyVt73mfE=
115,-163,IYrarVWVyj+YfEO6MflwnQsTNIE=,f1IXMQK3XV5uxKvsBDwyVt73mfE=
117,-168,IYrarVWVyj+YfEO6MflwnQsTNIE=,f1IXMQK3XV5uxKvsBDwyVt73mfE=
113,-168,IYrarVWVyj+YfEO6MflwnQsTNIE=,f1IXMQK3XV5uxKvsBDwyVt73mfE=
116,-168,IYrarVWVyj+YfEO6MflwnQsTNIE=,f1IXMQK3XV5uxKvsBDwyVt73mfE=
115,-168,IYrarVWVyj+YfEO6MflwnQsTNIE=,f1IXMQK3XV5uxKvsBDwyVt73mfE=
114,-168,IYrarVWVyj+YfEO6MflwnQsTNIE=,f1IXMQK3XV5uxKvsBDwyVt73mfE=
112,-170,Z5OL579lcWQSZtaY2lsyh5fqPEw=,f1IXMQK3XV5uxKvsBDwyVt73mfE=
124,-161,Z5OL579lcWQSZtaY2lsyh5fqPEw=,f1IXMQK3XV5uxKvsBDwyVt73mfE=
112,-175,Z5OL579lcWQSZtaY2lsyh5fqPEw=,f1IXMQK3XV5uxKvsBDwyVt73mfE=
112,-174,Z5OL579lcWQSZtaY2lsyh5fqPEw=,f1IXMQK3XV5uxKvsBDwyVt73mfE=
112,-173,Z5OL579lcWQSZtaY2lsyh5fqPEw=,f1IXMQK3XV5uxKvsBDwyVt73mfE=
112,-172,Z5OL579lcWQSZtaY2lsyh5fqPEw=,f1IXMQK3XV5uxKvsBDwyVt73mfE=
112,-171,Z5OL579lcWQSZtaY2lsyh5fqPEw=,f1IXMQK3XV5uxKvsBDwyVt73mfE=
112,-164,Z5OL579lcWQSZtaY2lsyh5fqPEw=,f1IXMQK3XV5uxKvsBDwyVt73mfE=
113,-161,Z5OL579lcWQSZtaY2lsyh5fqPEw=,f1IXMQK3XV5uxKvsBDwyVt73mfE=
120,-161,Z5OL579lcWQSZtaY2lsyh5fqPEw=,f1IXMQK3XV5uxKvsBDwyVt73mfE=
112,-169,Z5OL579lcWQSZtaY2lsyh5fqPEw=,f1IXMQK3XV5uxKvsBDwyVt73mfE=
119,-161,Z5OL579lcWQSZtaY2lsyh5fqPEw=,f1IXMQK3XV5uxKvsBDwyVt73mfE=
112,-163,Z5OL579lcWQSZtaY2lsyh5fqPEw=,f1IXMQK3XV5uxKvsBDwyVt73mfE=
118,-161,Z5OL579lcWQSZtaY2lsyh5fqPEw=,f1IXMQK3XV5uxKvsBDwyVt73mfE=
114,-161,Z5OL579lcWQSZtaY2lsyh5fqPEw=,f1IXMQK3XV5uxKvsBDwyVt73mfE=
112,-168,Z5OL579lcWQSZtaY2lsyh5fqPEw=,f1IXMQK3XV5uxKvsBDwyVt73mfE=
117,-161,Z5OL579lcWQSZtaY2lsyh5fqPEw=,f1IXMQK3XV5uxKvsBDwyVt73mfE=
115,-161,Z5OL579lcWQSZtaY2lsyh5fqPEw=,f1IXMQK3XV5uxKvsBDwyVt73mfE=
116,-161,Z5OL579lcWQSZtaY2lsyh5fqPEw=,f1IXMQK3XV5uxKvsBDwyVt73mfE=
112,-165,Z5OL579lcWQSZtaY2lsyh5fqPEw=,f1IXMQK3XV5uxKvsBDwyVt73mfE=
112,-167,Z5OL579lcWQSZtaY2lsyh5fqPEw=,f1IXMQK3XV5uxKvsBDwyVt73mfE=
123,-161,Z5OL579lcWQSZtaY2lsyh5fqPEw=,f1IXMQK3XV5uxKvsBDwyVt73mfE=
122,-161,Z5OL579lcWQSZtaY2lsyh5fqPEw=,f1IXMQK3XV5uxKvsBDwyVt73mfE=
121,-161,Z5OL579lcWQSZtaY2lsyh5fqPEw=,f1IXMQK3XV5uxKvsBDwyVt73mfE=
126,-161,Z5OL579lcWQSZtaY2lsyh5fqPEw=,f1IXMQK3XV5uxKvsBDwyVt73mfE=
125,-161,Z5OL579lcWQSZtaY2lsyh5fqPEw=,f1IXMQK3XV5uxKvsBDwyVt73mfE=
112,-162,Z5OL579lcWQSZtaY2lsyh5fqPEw=,f1IXMQK3XV5uxKvsBDwyVt73mfE=
112,-166,Z5OL579lcWQSZtaY2lsyh5fqPEw=,f1IXMQK3XV5uxKvsBDwyVt73mfE=
127,-163,Z5OL579lcWQSZtaY2lsyh5fqPEw=,f1IXMQK3XV5uxKvsBDwyVt73mfE=
112,-161,Z5OL579lcWQSZtaY2lsyh5fqPEw=,f1IXMQK3XV5uxKvsBDwyVt73mfE=
127,-170,Z5OL579lcWQSZtaY2lsyh5fqPEw=,f1IXMQK3XV5uxKvsBDwyVt73mfE=
127,-171,Z5OL579lcWQSZtaY2lsyh5fqPEw=,f1IXMQK3XV5uxKvsBDwyVt73mfE=
127,-172,Z5OL579lcWQSZtaY2lsyh5fqPEw=,f1IXMQK3XV5uxKvsBDwyVt73mfE=
127,-173,Z5OL579lcWQSZtaY2lsyh5fqPEw=,f1IXMQK3XV5uxKvsBDwyVt73mfE=
127,-174,Z5OL579lcWQSZtaY2lsyh5fqPEw=,f1IXMQK3XV5uxKvsBDwyVt73mfE=
127,-175,Z5OL579lcWQSZtaY2lsyh5fqPEw=,f1IXMQK3XV5uxKvsBDwyVt73mfE=
127,-164,Z5OL579lcWQSZtaY2lsyh5fqPEw=,f1IXMQK3XV5uxKvsBDwyVt73mfE=
127,-162,Z5OL579lcWQSZtaY2lsyh5fqPEw=,f1IXMQK3XV5uxKvsBDwyVt73mfE=
127,-166,Z5OL579lcWQSZtaY2lsyh5fqPEw=,f1IXMQK3XV5uxKvsBDwyVt73mfE=
127,-167,Z5OL579lcWQSZtaY2lsyh5fqPEw=,f1IXMQK3XV5uxKvsBDwyVt73mfE=
127,-168,Z5OL579lcWQSZtaY2lsyh5fqPEw=,f1IXMQK3XV5uxKvsBDwyVt73mfE=
127,-169,Z5OL579lcWQSZtaY2lsyh5fqPEw=,f1IXMQK3XV5uxKvsBDwyVt73mfE=
127,-165,Z5OL579lcWQSZtaY2lsyh5fqPEw=,f1IXMQK3XV5uxKvsBDwyVt73mfE=
121,-176,Z5OL579lcWQSZtaY2lsyh5fqPEw=,f1IXMQK3XV5uxKvsBDwyVt73mfE=
126,-176,Z5OL579lcWQSZtaY2lsyh5fqPEw=,f1IXMQK3XV5uxKvsBDwyVt73mfE=
112,-176,Z5OL579lcWQSZtaY2lsyh5fqPEw=,f1IXMQK3XV5uxKvsBDwyVt73mfE=
125,-176,Z5OL579lcWQSZtaY2lsyh5fqPEw=,f1IXMQK3XV5uxKvsBDwyVt73mfE=
120,-176,Z5OL579lcWQSZtaY2lsyh5fqPEw=,f1IXMQK3XV5uxKvsBDwyVt73mfE=
113,-176,Z5OL579lcWQSZtaY2lsyh5fqPEw=,f1IXMQK3XV5uxKvsBDwyVt73mfE=
124,-176,Z5OL579lcWQSZtaY2lsyh5fqPEw=,f1IXMQK3XV5uxKvsBDwyVt73mfE=
114,-176,Z5OL579lcWQSZtaY2lsyh5fqPEw=,f1IXMQK3XV5uxKvsBDwyVt73mfE=
123,-176,Z5OL579lcWQSZtaY2lsyh5fqPEw=,f1IXMQK3XV5uxKvsBDwyVt73mfE=
115,-176,Z5OL579lcWQSZtaY2lsyh5fqPEw=,f1IXMQK3XV5uxKvsBDwyVt73mfE=
122,-176,Z5OL579lcWQSZtaY2lsyh5fqPEw=,f1IXMQK3XV5uxKvsBDwyVt73mfE=
116,-176,Z5OL579lcWQSZtaY2lsyh5fqPEw=,f1IXMQK3XV5uxKvsBDwyVt73mfE=
119,-176,Z5OL579lcWQSZtaY2lsyh5fqPEw=,f1IXMQK3XV5uxKvsBDwyVt73mfE=
117,-176,Z5OL579lcWQSZtaY2lsyh5fqPEw=,f1IXMQK3XV5uxKvsBDwyVt73mfE=
118,-176,Z5OL579lcWQSZtaY2lsyh5fqPEw=,f1IXMQK3XV5uxKvsBDwyVt73mfE=
127,-176,Z5OL579lcWQSZtaY2lsyh5fqPEw=,f1IXMQK3XV5uxKvsBDwyVt73mfE=
127,-161,Z5OL579lcWQSZtaY2lsyh5fqPEw=,f1IXMQK3XV5uxKvsBDwyVt73mfE=
100,-171,/iKW/amAswMDs5nMfX1xibYoaRA=,f1IXMQK3XV5uxKvsBDwyVt73mfE=
99,-171,/iKW/amAswMDs5nMfX1xibYoaRA=,f1IXMQK3XV5uxKvsBDwyVt73mfE=
98,-171,/iKW/amAswMDs5nMfX1xibYoaRA=,f1IXMQK3XV5uxKvsBDwyVt73mfE=
102,-172,/iKW/amAswMDs5nMfX1xibYoaRA=,f1IXMQK3XV5uxKvsBDwyVt73mfE=
97,-171,wGCMBf02jhObOcNo2S40oF4P+JM=,f1IXMQK3XV5uxKvsBDwyVt73mfE=
100,-172,wGCMBf02jhObOcNo2S40oF4P+JM=,f1IXMQK3XV5uxKvsBDwyVt73mfE=
101,-172,wGCMBf02jhObOcNo2S40oF4P+JM=,f1IXMQK3XV5uxKvsBDwyVt73mfE=
99,-172,wGCMBf02jhObOcNo2S40oF4P+JM=,f1IXMQK3XV5uxKvsBDwyVt73mfE=
98,-172,Kv87G527LdZ0p/io8e04s0ygS8w=,f1IXMQK3XV5uxKvsBDwyVt73mfE=
97,-172,Kv87G527LdZ0p/io8e04s0ygS8w=,f1IXMQK3XV5uxKvsBDwyVt73mfE=
102,-173,Kv87G527LdZ0p/io8e04s0ygS8w=,f1IXMQK3XV5uxKvsBDwyVt73mfE=
101,-173,Kv87G527LdZ0p/io8e04s0ygS8w=,f1IXMQK3XV5uxKvsBDwyVt73mfE=
100,-173,Kv87G527LdZ0p/io8e04s0ygS8w=,f1IXMQK3XV5uxKvsBDwyVt73mfE=
99,-173,Kv87G527LdZ0p/io8e04s0ygS8w=,f1IXMQK3XV5uxKvsBDwyVt73mfE=
98,-173,Kv87G527LdZ0p/io8e04s0ygS8w=,f1IXMQK3XV5uxKvsBDwyVt73mfE=
97,-173,Kv87G527LdZ0p/io8e04s0ygS8w=,f1IXMQK3XV5uxKvsBDwyVt73mfE=
102,-174,+a/IQ9FpUQzuuxaCYwgWQRV1yFs=,f1IXMQK3XV5uxKvsBDwyVt73mfE=
101,-174,rqZkXqaF5yrsZGiOhyv1JykADKg=,f1IXMQK3XV5uxKvsBDwyVt73mfE=
100,-174,rqZkXqaF5yrsZGiOhyv1JykADKg=,f1IXMQK3XV5uxKvsBDwyVt73mfE=
98,-174,rqZkXqaF5yrsZGiOhyv1JykADKg=,f1IXMQK3XV5uxKvsBDwyVt73mfE=
97,-174,rqZkXqaF5yrsZGiOhyv1JykADKg=,f1IXMQK3XV5uxKvsBDwyVt73mfE=
102,-170,rqZkXqaF5yrsZGiOhyv1JykADKg=,f1IXMQK3XV5uxKvsBDwyVt73mfE=
102,-175,rqZkXqaF5yrsZGiOhyv1JykADKg=,f1IXMQK3XV5uxKvsBDwyVt73mfE=
101,-175,rqZkXqaF5yrsZGiOhyv1JykADKg=,f1IXMQK3XV5uxKvsBDwyVt73mfE=
100,-175,rqZkXqaF5yrsZGiOhyv1JykADKg=,f1IXMQK3XV5uxKvsBDwyVt73mfE=
99,-175,rqZkXqaF5yrsZGiOhyv1JykADKg=,f1IXMQK3XV5uxKvsBDwyVt73mfE=
99,-174,rqZkXqaF5yrsZGiOhyv1JykADKg=,f1IXMQK3XV5uxKvsBDwyVt73mfE=
98,-175,rqZkXqaF5yrsZGiOhyv1JykADKg=,f1IXMQK3XV5uxKvsBDwyVt73mfE=
97,-175,rqZkXqaF5yrsZGiOhyv1JykADKg=,f1IXMQK3XV5uxKvsBDwyVt73mfE=
101,-170,rqZkXqaF5yrsZGiOhyv1JykADKg=,f1IXMQK3XV5uxKvsBDwyVt73mfE=
100,-170,rqZkXqaF5yrsZGiOhyv1JykADKg=,f1IXMQK3XV5uxKvsBDwyVt73mfE=
99,-170,rqZkXqaF5yrsZGiOhyv1JykADKg=,f1IXMQK3XV5uxKvsBDwyVt73mfE=
98,-170,rqZkXqaF5yrsZGiOhyv1JykADKg=,f1IXMQK3XV5uxKvsBDwyVt73mfE=
97,-170,rqZkXqaF5yrsZGiOhyv1JykADKg=,f1IXMQK3XV5uxKvsBDwyVt73mfE=
102,-171,rqZkXqaF5yrsZGiOhyv1JykADKg=,f1IXMQK3XV5uxKvsBDwyVt73mfE=
101,-171,rqZkXqaF5yrsZGiOhyv1JykADKg=,f1IXMQK3XV5uxKvsBDwyVt73mfE=
100,-165,rqZkXqaF5yrsZGiOhyv1JykADKg=,f1IXMQK3XV5uxKvsBDwyVt73mfE=
101,-165,rqZkXqaF5yrsZGiOhyv1JykADKg=,f1IXMQK3XV5uxKvsBDwyVt73mfE=
102,-165,rqZkXqaF5yrsZGiOhyv1JykADKg=,f1IXMQK3XV5uxKvsBDwyVt73mfE=
97,-164,rqZkXqaF5yrsZGiOhyv1JykADKg=,f1IXMQK3XV5uxKvsBDwyVt73mfE=
98,-164,rqZkXqaF5yrsZGiOhyv1JykADKg=,f1IXMQK3XV5uxKvsBDwyVt73mfE=
99,-164,rqZkXqaF5yrsZGiOhyv1JykADKg=,f1IXMQK3XV5uxKvsBDwyVt73mfE=
100,-164,rqZkXqaF5yrsZGiOhyv1JykADKg=,f1IXMQK3XV5uxKvsBDwyVt73mfE=
101,-164,rqZkXqaF5yrsZGiOhyv1JykADKg=,f1IXMQK3XV5uxKvsBDwyVt73mfE=
102,-164,rqZkXqaF5yrsZGiOhyv1JykADKg=,f1IXMQK3XV5uxKvsBDwyVt73mfE=
97,-169,rqZkXqaF5yrsZGiOhyv1JykADKg=,f1IXMQK3XV5uxKvsBDwyVt73mfE=
98,-169,rqZkXqaF5yrsZGiOhyv1JykADKg=,f1IXMQK3XV5uxKvsBDwyVt73mfE=
97,-163,rqZkXqaF5yrsZGiOhyv1JykADKg=,f1IXMQK3XV5uxKvsBDwyVt73mfE=
99,-169,rqZkXqaF5yrsZGiOhyv1JykADKg=,f1IXMQK3XV5uxKvsBDwyVt73mfE=
100,-169,rqZkXqaF5yrsZGiOhyv1JykADKg=,f1IXMQK3XV5uxKvsBDwyVt73mfE=
98,-163,rqZkXqaF5yrsZGiOhyv1JykADKg=,f1IXMQK3XV5uxKvsBDwyVt73mfE=
99,-163,rqZkXqaF5yrsZGiOhyv1JykADKg=,f1IXMQK3XV5uxKvsBDwyVt73mfE=
101,-169,rqZkXqaF5yrsZGiOhyv1JykADKg=,f1IXMQK3XV5uxKvsBDwyVt73mfE=
100,-163,rqZkXqaF5yrsZGiOhyv1JykADKg=,f1IXMQK3XV5uxKvsBDwyVt73mfE=
102,-169,rqZkXqaF5yrsZGiOhyv1JykADKg=,f1IXMQK3XV5uxKvsBDwyVt73mfE=
101,-163,rqZkXqaF5yrsZGiOhyv1JykADKg=,f1IXMQK3XV5uxKvsBDwyVt73mfE=
102,-163,rqZkXqaF5yrsZGiOhyv1JykADKg=,f1IXMQK3XV5uxKvsBDwyVt73mfE=
97,-162,rqZkXqaF5yrsZGiOhyv1JykADKg=,f1IXMQK3XV5uxKvsBDwyVt73mfE=
97,-168,rqZkXqaF5yrsZGiOhyv1JykADKg=,f1IXMQK3XV5uxKvsBDwyVt73mfE=
98,-162,rqZkXqaF5yrsZGiOhyv1JykADKg=,f1IXMQK3XV5uxKvsBDwyVt73mfE=
98,-168,rqZkXqaF5yrsZGiOhyv1JykADKg=,f1IXMQK3XV5uxKvsBDwyVt73mfE=
99,-168,rqZkXqaF5yrsZGiOhyv1JykADKg=,f1IXMQK3XV5uxKvsBDwyVt73mfE=
100,-168,rqZkXqaF5yrsZGiOhyv1JykADKg=,f1IXMQK3XV5uxKvsBDwyVt73mfE=
101,-168,rqZkXqaF5yrsZGiOhyv1JykADKg=,f1IXMQK3XV5uxKvsBDwyVt73mfE=
99,-162,rqZkXqaF5yrsZGiOhyv1JykADKg=,f1IXMQK3XV5uxKvsBDwyVt73mfE=
102,-168,rqZkXqaF5yrsZGiOhyv1JykADKg=,f1IXMQK3XV5uxKvsBDwyVt73mfE=
100,-162,rqZkXqaF5yrsZGiOhyv1JykADKg=,f1IXMQK3XV5uxKvsBDwyVt73mfE=
101,-162,rqZkXqaF5yrsZGiOhyv1JykADKg=,f1IXMQK3XV5uxKvsBDwyVt73mfE=
102,-162,rqZkXqaF5yrsZGiOhyv1JykADKg=,f1IXMQK3XV5uxKvsBDwyVt73mfE=
97,-167,rqZkXqaF5yrsZGiOhyv1JykADKg=,f1IXMQK3XV5uxKvsBDwyVt73mfE=
98,-167,rqZkXqaF5yrsZGiOhyv1JykADKg=,f1IXMQK3XV5uxKvsBDwyVt73mfE=
99,-167,rqZkXqaF5yrsZGiOhyv1JykADKg=,f1IXMQK3XV5uxKvsBDwyVt73mfE=
100,-167,rqZkXqaF5yrsZGiOhyv1JykADKg=,f1IXMQK3XV5uxKvsBDwyVt73mfE=
101,-167,rqZkXqaF5yrsZGiOhyv1JykADKg=,f1IXMQK3XV5uxKvsBDwyVt73mfE=
102,-167,rqZkXqaF5yrsZGiOhyv1JykADKg=,f1IXMQK3XV5uxKvsBDwyVt73mfE=
97,-166,rqZkXqaF5yrsZGiOhyv1JykADKg=,f1IXMQK3XV5uxKvsBDwyVt73mfE=
98,-166,rqZkXqaF5yrsZGiOhyv1JykADKg=,f1IXMQK3XV5uxKvsBDwyVt73mfE=
99,-166,rqZkXqaF5yrsZGiOhyv1JykADKg=,f1IXMQK3XV5uxKvsBDwyVt73mfE=
100,-166,rqZkXqaF5yrsZGiOhyv1JykADKg=,f1IXMQK3XV5uxKvsBDwyVt73mfE=
101,-166,rqZkXqaF5yrsZGiOhyv1JykADKg=,f1IXMQK3XV5uxKvsBDwyVt73mfE=
102,-166,rqZkXqaF5yrsZGiOhyv1JykADKg=,f1IXMQK3XV5uxKvsBDwyVt73mfE=
97,-165,rqZkXqaF5yrsZGiOhyv1JykADKg=,f1IXMQK3XV5uxKvsBDwyVt73mfE=
98,-165,rqZkXqaF5yrsZGiOhyv1JykADKg=,f1IXMQK3XV5uxKvsBDwyVt73mfE=
99,-165,rqZkXqaF5yrsZGiOhyv1JykADKg=,f1IXMQK3XV5uxKvsBDwyVt73mfE=
103,-171,rqZkXqaF5yrsZGiOhyv1JykADKg=,f1IXMQK3XV5uxKvsBDwyVt73mfE=
104,-175,rqZkXqaF5yrsZGiOhyv1JykADKg=,f1IXMQK3XV5uxKvsBDwyVt73mfE=
105,-175,rqZkXqaF5yrsZGiOhyv1JykADKg=,f1IXMQK3XV5uxKvsBDwyVt73mfE=
103,-175,rqZkXqaF5yrsZGiOhyv1JykADKg=,f1IXMQK3XV5uxKvsBDwyVt73mfE=
103,-170,rqZkXqaF5yrsZGiOhyv1JykADKg=,f1IXMQK3XV5uxKvsBDwyVt73mfE=
106,-175,rqZkXqaF5yrsZGiOhyv1JykADKg=,f1IXMQK3XV5uxKvsBDwyVt73mfE=
107,-175,rqZkXqaF5yrsZGiOhyv1JykADKg=,f1IXMQK3XV5uxKvsBDwyVt73mfE=
108,-175,rqZkXqaF5yrsZGiOhyv1JykADKg=,f1IXMQK3XV5uxKvsBDwyVt73mfE=
109,-175,rqZkXqaF5yrsZGiOhyv1JykADKg=,f1IXMQK3XV5uxKvsBDwyVt73mfE=
110,-175,rqZkXqaF5yrsZGiOhyv1JykADKg=,f1IXMQK3XV5uxKvsBDwyVt73mfE=
104,-174,rqZkXqaF5yrsZGiOhyv1JykADKg=,f1IXMQK3XV5uxKvsBDwyVt73mfE=
105,-174,rqZkXqaF5yrsZGiOhyv1JykADKg=,f1IXMQK3XV5uxKvsBDwyVt73mfE=
106,-174,rqZkXqaF5yrsZGiOhyv1JykADKg=,f1IXMQK3XV5uxKvsBDwyVt73mfE=
107,-174,rqZkXqaF5yrsZGiOhyv1JykADKg=,f1IXMQK3XV5uxKvsBDwyVt73mfE=
103,-174,rqZkXqaF5yrsZGiOhyv1JykADKg=,f1IXMQK3XV5uxKvsBDwyVt73mfE=
108,-174,rqZkXqaF5yrsZGiOhyv1JykADKg=,f1IXMQK3XV5uxKvsBDwyVt73mfE=
109,-174,rqZkXqaF5yrsZGiOhyv1JykADKg=,f1IXMQK3XV5uxKvsBDwyVt73mfE=
110,-174,rqZkXqaF5yrsZGiOhyv1JykADKg=,f1IXMQK3XV5uxKvsBDwyVt73mfE=
104,-173,rqZkXqaF5yrsZGiOhyv1JykADKg=,f1IXMQK3XV5uxKvsBDwyVt73mfE=
105,-173,rqZkXqaF5yrsZGiOhyv1JykADKg=,f1IXMQK3XV5uxKvsBDwyVt73mfE=
106,-173,rqZkXqaF5yrsZGiOhyv1JykADKg=,f1IXMQK3XV5uxKvsBDwyVt73mfE=
107,-173,rqZkXqaF5yrsZGiOhyv1JykADKg=,f1IXMQK3XV5uxKvsBDwyVt73mfE=
108,-173,rqZkXqaF5yrsZGiOhyv1JykADKg=,f1IXMQK3XV5uxKvsBDwyVt73mfE=
109,-173,rqZkXqaF5yrsZGiOhyv1JykADKg=,f1IXMQK3XV5uxKvsBDwyVt73mfE=
110,-173,rqZkXqaF5yrsZGiOhyv1JykADKg=,f1IXMQK3XV5uxKvsBDwyVt73mfE=
103,-173,rqZkXqaF5yrsZGiOhyv1JykADKg=,f1IXMQK3XV5uxKvsBDwyVt73mfE=
104,-172,rqZkXqaF5yrsZGiOhyv1JykADKg=,f1IXMQK3XV5uxKvsBDwyVt73mfE=
105,-172,rqZkXqaF5yrsZGiOhyv1JykADKg=,f1IXMQK3XV5uxKvsBDwyVt73mfE=
106,-172,rqZkXqaF5yrsZGiOhyv1JykADKg=,f1IXMQK3XV5uxKvsBDwyVt73mfE=
107,-172,rqZkXqaF5yrsZGiOhyv1JykADKg=,f1IXMQK3XV5uxKvsBDwyVt73mfE=
108,-172,rqZkXqaF5yrsZGiOhyv1JykADKg=,f1IXMQK3XV5uxKvsBDwyVt73mfE=
109,-172,rqZkXqaF5yrsZGiOhyv1JykADKg=,f1IXMQK3XV5uxKvsBDwyVt73mfE=
110,-172,rqZkXqaF5yrsZGiOhyv1JykADKg=,f1IXMQK3XV5uxKvsBDwyVt73mfE=
104,-171,rqZkXqaF5yrsZGiOhyv1JykADKg=,f1IXMQK3XV5uxKvsBDwyVt73mfE=
105,-171,rqZkXqaF5yrsZGiOhyv1JykADKg=,f1IXMQK3XV5uxKvsBDwyVt73mfE=
106,-171,rqZkXqaF5yrsZGiOhyv1JykADKg=,f1IXMQK3XV5uxKvsBDwyVt73mfE=
110,-170,rqZkXqaF5yrsZGiOhyv1JykADKg=,f1IXMQK3XV5uxKvsBDwyVt73mfE=
103,-172,rqZkXqaF5yrsZGiOhyv1JykADKg=,f1IXMQK3XV5uxKvsBDwyVt73mfE=
107,-171,rqZkXqaF5yrsZGiOhyv1JykADKg=,f1IXMQK3XV5uxKvsBDwyVt73mfE=
109,-170,rqZkXqaF5yrsZGiOhyv1JykADKg=,f1IXMQK3XV5uxKvsBDwyVt73mfE=
108,-171,rqZkXqaF5yrsZGiOhyv1JykADKg=,f1IXMQK3XV5uxKvsBDwyVt73mfE=
109,-171,rqZkXqaF5yrsZGiOhyv1JykADKg=,f1IXMQK3XV5uxKvsBDwyVt73mfE=
108,-170,rqZkXqaF5yrsZGiOhyv1JykADKg=,f1IXMQK3XV5uxKvsBDwyVt73mfE=
110,-171,rqZkXqaF5yrsZGiOhyv1JykADKg=,f1IXMQK3XV5uxKvsBDwyVt73mfE=
104,-170,rqZkXqaF5yrsZGiOhyv1JykADKg=,f1IXMQK3XV5uxKvsBDwyVt73mfE=
107,-170,rqZkXqaF5yrsZGiOhyv1JykADKg=,f1IXMQK3XV5uxKvsBDwyVt73mfE=
105,-170,rqZkXqaF5yrsZGiOhyv1JykADKg=,f1IXMQK3XV5uxKvsBDwyVt73mfE=
106,-170,rqZkXqaF5yrsZGiOhyv1JykADKg=,f1IXMQK3XV5uxKvsBDwyVt73mfE=
108,-169,rqZkXqaF5yrsZGiOhyv1JykADKg=,f1IXMQK3XV5uxKvsBDwyVt73mfE=
110,-162,rqZkXqaF5yrsZGiOhyv1JykADKg=,f1IXMQK3XV5uxKvsBDwyVt73mfE=
109,-169,rqZkXqaF5yrsZGiOhyv1JykADKg=,f1IXMQK3XV5uxKvsBDwyVt73mfE=
110,-169,rqZkXqaF5yrsZGiOhyv1JykADKg=,f1IXMQK3XV5uxKvsBDwyVt73mfE=
104,-164,rqZkXqaF5yrsZGiOhyv1JykADKg=,f1IXMQK3XV5uxKvsBDwyVt73mfE=
109,-162,rqZkXqaF5yrsZGiOhyv1JykADKg=,f1IXMQK3XV5uxKvsBDwyVt73mfE=
104,-168,rqZkXqaF5yrsZGiOhyv1JykADKg=,f1IXMQK3XV5uxKvsBDwyVt73mfE=
107,-168,rqZkXqaF5yrsZGiOhyv1JykADKg=,f1IXMQK3XV5uxKvsBDwyVt73mfE=
107,-167,rqZkXqaF5yrsZGiOhyv1JykADKg=,f1IXMQK3XV5uxKvsBDwyVt73mfE=
108,-162,rqZkXqaF5yrsZGiOhyv1JykADKg=,f1IXMQK3XV5uxKvsBDwyVt73mfE=
108,-167,rqZkXqaF5yrsZGiOhyv1JykADKg=,f1IXMQK3XV5uxKvsBDwyVt73mfE=
104,-163,rqZkXqaF5yrsZGiOhyv1JykADKg=,f1IXMQK3XV5uxKvsBDwyVt73mfE=
105,-164,rqZkXqaF5yrsZGiOhyv1JykADKg=,f1IXMQK3XV5uxKvsBDwyVt73mfE=
107,-162,rqZkXqaF5yrsZGiOhyv1JykADKg=,f1IXMQK3XV5uxKvsBDwyVt73mfE=
107,-169,rqZkXqaF5yrsZGiOhyv1JykADKg=,f1IXMQK3XV5uxKvsBDwyVt73mfE=
109,-167,rqZkXqaF5yrsZGiOhyv1JykADKg=,f1IXMQK3XV5uxKvsBDwyVt73mfE=
106,-162,rqZkXqaF5yrsZGiOhyv1JykADKg=,f1IXMQK3XV5uxKvsBDwyVt73mfE=
106,-169,rqZkXqaF5yrsZGiOhyv1JykADKg=,f1IXMQK3XV5uxKvsBDwyVt73mfE=
110,-167,rqZkXqaF5yrsZGiOhyv1JykADKg=,f1IXMQK3XV5uxKvsBDwyVt73mfE=
103,-165,rqZkXqaF5yrsZGiOhyv1JykADKg=,f1IXMQK3XV5uxKvsBDwyVt73mfE=
105,-162,rqZkXqaF5yrsZGiOhyv1JykADKg=,f1IXMQK3XV5uxKvsBDwyVt73mfE=
105,-165,rqZkXqaF5yrsZGiOhyv1JykADKg=,f1IXMQK3XV5uxKvsBDwyVt73mfE=
104,-162,rqZkXqaF5yrsZGiOhyv1JykADKg=,f1IXMQK3XV5uxKvsBDwyVt73mfE=
105,-169,rqZkXqaF5yrsZGiOhyv1JykADKg=,f1IXMQK3XV5uxKvsBDwyVt73mfE=
105,-168,rqZkXqaF5yrsZGiOhyv1JykADKg=,f1IXMQK3XV5uxKvsBDwyVt73mfE=
104,-166,rqZkXqaF5yrsZGiOhyv1JykADKg=,f1IXMQK3XV5uxKvsBDwyVt73mfE=
104,-169,rqZkXqaF5yrsZGiOhyv1JykADKg=,f1IXMQK3XV5uxKvsBDwyVt73mfE=
105,-166,rqZkXqaF5yrsZGiOhyv1JykADKg=,f1IXMQK3XV5uxKvsBDwyVt73mfE=
110,-165,rqZkXqaF5yrsZGiOhyv1JykADKg=,f1IXMQK3XV5uxKvsBDwyVt73mfE=
106,-168,rqZkXqaF5yrsZGiOhyv1JykADKg=,f1IXMQK3XV5uxKvsBDwyVt73mfE=
104,-165,rqZkXqaF5yrsZGiOhyv1JykADKg=,f1IXMQK3XV5uxKvsBDwyVt73mfE=
103,-166,rqZkXqaF5yrsZGiOhyv1JykADKg=,f1IXMQK3XV5uxKvsBDwyVt73mfE=
110,-163,rqZkXqaF5yrsZGiOhyv1JykADKg=,f1IXMQK3XV5uxKvsBDwyVt73mfE=
103,-167,rqZkXqaF5yrsZGiOhyv1JykADKg=,f1IXMQK3XV5uxKvsBDwyVt73mfE=
109,-163,rqZkXqaF5yrsZGiOhyv1JykADKg=,f1IXMQK3XV5uxKvsBDwyVt73mfE=
108,-165,rqZkXqaF5yrsZGiOhyv1JykADKg=,f1IXMQK3XV5uxKvsBDwyVt73mfE=
109,-165,rqZkXqaF5yrsZGiOhyv1JykADKg=,f1IXMQK3XV5uxKvsBDwyVt73mfE=
110,-164,rqZkXqaF5yrsZGiOhyv1JykADKg=,f1IXMQK3XV5uxKvsBDwyVt73mfE=
103,-162,rqZkXqaF5yrsZGiOhyv1JykADKg=,f1IXMQK3XV5uxKvsBDwyVt73mfE=
110,-166,rqZkXqaF5yrsZGiOhyv1JykADKg=,f1IXMQK3XV5uxKvsBDwyVt73mfE=
108,-163,rqZkXqaF5yrsZGiOhyv1JykADKg=,f1IXMQK3XV5uxKvsBDwyVt73mfE=
103,-168,rqZkXqaF5yrsZGiOhyv1JykADKg=,f1IXMQK3XV5uxKvsBDwyVt73mfE=
107,-163,rqZkXqaF5yrsZGiOhyv1JykADKg=,f1IXMQK3XV5uxKvsBDwyVt73mfE=
109,-166,rqZkXqaF5yrsZGiOhyv1JykADKg=,f1IXMQK3XV5uxKvsBDwyVt73mfE=
107,-165,rqZkXqaF5yrsZGiOhyv1JykADKg=,f1IXMQK3XV5uxKvsBDwyVt73mfE=
103,-163,rqZkXqaF5yrsZGiOhyv1JykADKg=,f1IXMQK3XV5uxKvsBDwyVt73mfE=
103,-169,rqZkXqaF5yrsZGiOhyv1JykADKg=,f1IXMQK3XV5uxKvsBDwyVt73mfE=
109,-164,rqZkXqaF5yrsZGiOhyv1JykADKg=,f1IXMQK3XV5uxKvsBDwyVt73mfE=
106,-163,rqZkXqaF5yrsZGiOhyv1JykADKg=,f1IXMQK3XV5uxKvsBDwyVt73mfE=
108,-166,rqZkXqaF5yrsZGiOhyv1JykADKg=,f1IXMQK3XV5uxKvsBDwyVt73mfE=
107,-166,rqZkXqaF5yrsZGiOhyv1JykADKg=,f1IXMQK3XV5uxKvsBDwyVt73mfE=
106,-166,rqZkXqaF5yrsZGiOhyv1JykADKg=,f1IXMQK3XV5uxKvsBDwyVt73mfE=
105,-163,rqZkXqaF5yrsZGiOhyv1JykADKg=,f1IXMQK3XV5uxKvsBDwyVt73mfE=
106,-165,rqZkXqaF5yrsZGiOhyv1JykADKg=,f1IXMQK3XV5uxKvsBDwyVt73mfE=
103,-164,rqZkXqaF5yrsZGiOhyv1JykADKg=,f1IXMQK3XV5uxKvsBDwyVt73mfE=
108,-164,rqZkXqaF5yrsZGiOhyv1JykADKg=,f1IXMQK3XV5uxKvsBDwyVt73mfE=
104,-167,rqZkXqaF5yrsZGiOhyv1JykADKg=,f1IXMQK3XV5uxKvsBDwyVt73mfE=
107,-164,rqZkXqaF5yrsZGiOhyv1JykADKg=,f1IXMQK3XV5uxKvsBDwyVt73mfE=
105,-167,rqZkXqaF5yrsZGiOhyv1JykADKg=,f1IXMQK3XV5uxKvsBDwyVt73mfE=
106,-164,rqZkXqaF5yrsZGiOhyv1JykADKg=,f1IXMQK3XV5uxKvsBDwyVt73mfE=
109,-168,rqZkXqaF5yrsZGiOhyv1JykADKg=,f1IXMQK3XV5uxKvsBDwyVt73mfE=
108,-168,rqZkXqaF5yrsZGiOhyv1JykADKg=,f1IXMQK3XV5uxKvsBDwyVt73mfE=
110,-168,rqZkXqaF5yrsZGiOhyv1JykADKg=,f1IXMQK3XV5uxKvsBDwyVt73mfE=
106,-167,rqZkXqaF5yrsZGiOhyv1JykADKg=,f1IXMQK3XV5uxKvsBDwyVt73mfE=
97,-161,6Xq2BNvNHsdGchVfVSjhvOw/apw=,f1IXMQK3XV5uxKvsBDwyVt73mfE=
101,-161,6Xq2BNvNHsdGchVfVSjhvOw/apw=,f1IXMQK3XV5uxKvsBDwyVt73mfE=
100,-161,6Xq2BNvNHsdGchVfVSjhvOw/apw=,f1IXMQK3XV5uxKvsBDwyVt73mfE=
99,-161,6Xq2BNvNHsdGchVfVSjhvOw/apw=,f1IXMQK3XV5uxKvsBDwyVt73mfE=
98,-161,6Xq2BNvNHsdGchVfVSjhvOw/apw=,f1IXMQK3XV5uxKvsBDwyVt73mfE=
102,-161,6Xq2BNvNHsdGchVfVSjhvOw/apw=,f1IXMQK3XV5uxKvsBDwyVt73mfE=
111,-175,6Xq2BNvNHsdGchVfVSjhvOw/apw=,f1IXMQK3XV5uxKvsBDwyVt73mfE=
111,-173,6Xq2BNvNHsdGchVfVSjhvOw/apw=,f1IXMQK3XV5uxKvsBDwyVt73mfE=
111,-174,6Xq2BNvNHsdGchVfVSjhvOw/apw=,f1IXMQK3XV5uxKvsBDwyVt73mfE=
111,-172,6Xq2BNvNHsdGchVfVSjhvOw/apw=,f1IXMQK3XV5uxKvsBDwyVt73mfE=
111,-171,6Xq2BNvNHsdGchVfVSjhvOw/apw=,f1IXMQK3XV5uxKvsBDwyVt73mfE=
111,-162,6Xq2BNvNHsdGchVfVSjhvOw/apw=,f1IXMQK3XV5uxKvsBDwyVt73mfE=
111,-170,6Xq2BNvNHsdGchVfVSjhvOw/apw=,f1IXMQK3XV5uxKvsBDwyVt73mfE=
108,-161,6Xq2BNvNHsdGchVfVSjhvOw/apw=,f1IXMQK3XV5uxKvsBDwyVt73mfE=
111,-169,6Xq2BNvNHsdGchVfVSjhvOw/apw=,f1IXMQK3XV5uxKvsBDwyVt73mfE=
104,-161,6Xq2BNvNHsdGchVfVSjhvOw/apw=,f1IXMQK3XV5uxKvsBDwyVt73mfE=
111,-163,6Xq2BNvNHsdGchVfVSjhvOw/apw=,f1IXMQK3XV5uxKvsBDwyVt73mfE=
111,-165,6Xq2BNvNHsdGchVfVSjhvOw/apw=,f1IXMQK3XV5uxKvsBDwyVt73mfE=
111,-167,6Xq2BNvNHsdGchVfVSjhvOw/apw=,f1IXMQK3XV5uxKvsBDwyVt73mfE=
109,-161,6Xq2BNvNHsdGchVfVSjhvOw/apw=,f1IXMQK3XV5uxKvsBDwyVt73mfE=
111,-164,6Xq2BNvNHsdGchVfVSjhvOw/apw=,f1IXMQK3XV5uxKvsBDwyVt73mfE=
111,-168,6Xq2BNvNHsdGchVfVSjhvOw/apw=,f1IXMQK3XV5uxKvsBDwyVt73mfE=
103,-161,6Xq2BNvNHsdGchVfVSjhvOw/apw=,f1IXMQK3XV5uxKvsBDwyVt73mfE=
111,-166,6Xq2BNvNHsdGchVfVSjhvOw/apw=,f1IXMQK3XV5uxKvsBDwyVt73mfE=
110,-161,6Xq2BNvNHsdGchVfVSjhvOw/apw=,f1IXMQK3XV5uxKvsBDwyVt73mfE=
107,-161,6Xq2BNvNHsdGchVfVSjhvOw/apw=,f1IXMQK3XV5uxKvsBDwyVt73mfE=
105,-161,6Xq2BNvNHsdGchVfVSjhvOw/apw=,f1IXMQK3XV5uxKvsBDwyVt73mfE=
106,-161,6Xq2BNvNHsdGchVfVSjhvOw/apw=,f1IXMQK3XV5uxKvsBDwyVt73mfE=
96,-163,6Xq2BNvNHsdGchVfVSjhvOw/apw=,f1IXMQK3XV5uxKvsBDwyVt73mfE=
96,-164,6Xq2BNvNHsdGchVfVSjhvOw/apw=,f1IXMQK3XV5uxKvsBDwyVt73mfE=
96,-162,6Xq2BNvNHsdGchVfVSjhvOw/apw=,f1IXMQK3XV5uxKvsBDwyVt73mfE=
96,-167,6Xq2BNvNHsdGchVfVSjhvOw/apw=,f1IXMQK3XV5uxKvsBDwyVt73mfE=
96,-166,6Xq2BNvNHsdGchVfVSjhvOw/apw=,f1IXMQK3XV5uxKvsBDwyVt73mfE=
96,-165,6Xq2BNvNHsdGchVfVSjhvOw/apw=,f1IXMQK3XV5uxKvsBDwyVt73mfE=
96,-170,6Xq2BNvNHsdGchVfVSjhvOw/apw=,f1IXMQK3XV5uxKvsBDwyVt73mfE=
96,-175,6Xq2BNvNHsdGchVfVSjhvOw/apw=,f1IXMQK3XV5uxKvsBDwyVt73mfE=
96,-174,6Xq2BNvNHsdGchVfVSjhvOw/apw=,f1IXMQK3XV5uxKvsBDwyVt73mfE=
96,-169,6Xq2BNvNHsdGchVfVSjhvOw/apw=,f1IXMQK3XV5uxKvsBDwyVt73mfE=
96,-173,6Xq2BNvNHsdGchVfVSjhvOw/apw=,f1IXMQK3XV5uxKvsBDwyVt73mfE=
96,-168,6Xq2BNvNHsdGchVfVSjhvOw/apw=,f1IXMQK3XV5uxKvsBDwyVt73mfE=
96,-172,6Xq2BNvNHsdGchVfVSjhvOw/apw=,f1IXMQK3XV5uxKvsBDwyVt73mfE=
96,-171,6Xq2BNvNHsdGchVfVSjhvOw/apw=,f1IXMQK3XV5uxKvsBDwyVt73mfE=
97,-176,6Xq2BNvNHsdGchVfVSjhvOw/apw=,f1IXMQK3XV5uxKvsBDwyVt73mfE=
98,-176,6Xq2BNvNHsdGchVfVSjhvOw/apw=,f1IXMQK3XV5uxKvsBDwyVt73mfE=
99,-176,6Xq2BNvNHsdGchVfVSjhvOw/apw=,f1IXMQK3XV5uxKvsBDwyVt73mfE=
101,-176,6Xq2BNvNHsdGchVfVSjhvOw/apw=,f1IXMQK3XV5uxKvsBDwyVt73mfE=
100,-176,6Xq2BNvNHsdGchVfVSjhvOw/apw=,f1IXMQK3XV5uxKvsBDwyVt73mfE=
102,-176,6Xq2BNvNHsdGchVfVSjhvOw/apw=,f1IXMQK3XV5uxKvsBDwyVt73mfE=
104,-176,6Xq2BNvNHsdGchVfVSjhvOw/apw=,f1IXMQK3XV5uxKvsBDwyVt73mfE=
110,-176,6Xq2BNvNHsdGchVfVSjhvOw/apw=,f1IXMQK3XV5uxKvsBDwyVt73mfE=
105,-176,6Xq2BNvNHsdGchVfVSjhvOw/apw=,f1IXMQK3XV5uxKvsBDwyVt73mfE=
109,-176,6Xq2BNvNHsdGchVfVSjhvOw/apw=,f1IXMQK3XV5uxKvsBDwyVt73mfE=
103,-176,6Xq2BNvNHsdGchVfVSjhvOw/apw=,f1IXMQK3XV5uxKvsBDwyVt73mfE=
108,-176,6Xq2BNvNHsdGchVfVSjhvOw/apw=,f1IXMQK3XV5uxKvsBDwyVt73mfE=
106,-176,6Xq2BNvNHsdGchVfVSjhvOw/apw=,f1IXMQK3XV5uxKvsBDwyVt73mfE=
107,-176,6Xq2BNvNHsdGchVfVSjhvOw/apw=,f1IXMQK3XV5uxKvsBDwyVt73mfE=
111,-161,6Xq2BNvNHsdGchVfVSjhvOw/apw=,f1IXMQK3XV5uxKvsBDwyVt73mfE=
111,-176,6Xq2BNvNHsdGchVfVSjhvOw/apw=,f1IXMQK3XV5uxKvsBDwyVt73mfE=
96,-161,6Xq2BNvNHsdGchVfVSjhvOw/apw=,f1IXMQK3XV5uxKvsBDwyVt73mfE=
96,-176,6Xq2BNvNHsdGchVfVSjhvOw/apw=,f1IXMQK3XV5uxKvsBDwyVt73mfE=
